date,ceo,company,positive,neutral,negative,total,neg_pct,theme,alias
2025-12-18,John Furner,Walmart,6,19,0,25,0.0,,John Furner Walmart
2025-12-18,Andy Jassy,Amazon,3,16,6,25,24.0,,Andy Jassy Amazon
2025-12-18,Stephen Hemsley,UnitedHealth,4,18,3,25,12.0,,Stephen Hemsley UnitedHealth
2025-12-18,Tim Cook,Apple,3,21,1,25,4.0,,Tim Cook Apple
2025-12-18,David Joyner,CVS Health,9,14,2,25,8.0,,David Joyner CVS Health
2025-12-18,Warren Buffett,Berkshire Hathaway,6,12,7,25,28.0,,Warren Buffett Berkshire Hathaway
2025-12-18,Sundar Pichai,Alphabet Inc,8,13,4,25,16.0,,Sundar Pichai Alphabet
2025-12-18,Darren Woods,Exxon Mobil,7,12,6,25,24.0,,Darren Woods Exxon Mobil
2025-12-18,Brian Tyler,McKesson,5,13,7,25,28.0,,Brian Tyler McKesson
2025-12-18,Robert Mauch,Cencora,7,15,0,22,0.0,,Robert Mauch Cencora
2025-12-18,Jamie Dimon,JPMorgan Chase,10,11,4,25,16.0,,Jamie Dimon JPMorgan Chase
2025-12-18,Ron Vachris,Costco,8,15,2,25,8.0,,Ron Vachris Costco
2025-12-18,David Cordani,Cigna,17,5,3,25,12.0,,David Cordani Cigna
2025-12-18,Satya Nadella,Microsoft,9,11,5,25,20.0,,Satya Nadella Microsoft
2025-12-18,Jason Hollar,Cardinal Health,11,10,4,25,16.0,,Jason Hollar Cardinal Health
2025-12-18,Mike Wirth,Chevron,7,17,1,25,4.0,,Mike Wirth Chevron
2025-12-18,Brian Moynihan,Bank of America,3,19,3,25,12.0,,Brian Moynihan Bank of America
2025-12-18,Mary Barra,General Motors,7,11,7,25,28.0,,Mary Barra General Motors
2025-12-18,Jim Farley,Ford Motor,4,14,7,25,28.0,,Jim Farley Ford Motor
2025-12-18,Gail Boudreaux,Elevance Health,13,8,4,25,16.0,,Gail Boudreaux Elevance Health
2025-12-18,Jane Fraser,Citigroup,11,14,0,25,0.0,,Jane Fraser Citigroup
2025-12-18,Mark Zuckerberg,Meta Platforms,3,9,13,25,52.0,,Mark Zuckerberg Meta Platforms
2025-12-18,Sarah London,Centene,5,13,7,25,28.0,,Sarah London Centene
2025-12-18,Ted Decker,Home Depot,4,15,6,25,24.0,,Ted Decker Home Depot
2025-12-18,Priscilla Almodovar,Fannie Mae,4,14,7,25,28.0,,Priscilla Almodovar Fannie Mae
2025-12-18,Ron Sargent,Kroger,5,16,4,25,16.0,,Ron Sargent Kroger
2025-12-18,Mark Lashier,Phillips 66,7,15,3,25,12.0,,Mark Lashier Phillips 66
2025-12-18,Maryann Mannen,Marathon Petroleum,2,19,4,25,16.0,,Maryann Mannen Marathon Petroleum
2025-12-18,Dan Schulman,Verizon,3,19,3,25,12.0,,Dan Schulman Verizon
2025-12-18,Jensen Huang,Nvidia,6,14,5,25,20.0,,Jensen Huang Nvidia
2025-12-18,David Solomon,Goldman Sachs,6,14,5,25,20.0,,David Solomon Goldman Sachs
2025-12-18,Charles Scharf,Wells Fargo,19,0,6,25,24.0,,Charles Scharf Wells Fargo
2025-12-18,Lane Riggs,Valero Energy,14,9,2,25,8.0,,Lane Riggs Valero Energy
2025-12-18,Brian Roberts,Comcast,3,18,4,25,16.0,,Brian Roberts Comcast
2025-12-18,Jon Farney,State Farm Insurance,5,14,6,25,24.0,,Jon Farney State Farm Insurance
2025-12-18,John Stankey,AT&T,7,12,6,25,24.0,,John Stankey AT&T
2025-12-18,Michael Hutchins,Freddie Mac,3,20,2,25,8.0,,Michael Hutchins Freddie Mac
2025-12-18,Jim Rechtin,Humana,12,9,4,25,16.0,,Jim Rechtin Humana
2025-12-18,Ted Pick,Morgan Stanley,12,12,1,25,4.0,,Ted Pick Morgan Stanley
2025-12-18,Michael Fiddelke,Target Corporation,4,18,3,25,12.0,,Michael Fiddelke Target Corporation
2025-12-18,Philip Smith,StoneX Group,4,17,0,21,0.0,,Philip Smith StoneX Group
2025-12-18,Elon Musk,Tesla,7,12,6,25,24.0,,Elon Musk Tesla
2025-12-18,Michael Dell,Dell Technologies,11,14,0,25,0.0,,Michael Dell Dell Technologies
2025-12-18,Ramon Laguarta,PepsiCo,8,14,3,25,12.0,,Ramon Laguarta PepsiCo
2025-12-18,Bob Iger,Disney,8,10,7,25,28.0,,Bob Iger Disney
2025-12-18,Carol Tome,UPS,7,10,8,25,32.0,,Carol Tome UPS
2025-12-18,Joaquin Duato,Johnson & Johnson,10,11,4,25,16.0,,Joaquin Duato Johnson & Johnson
2025-12-18,Rajesh Subramaniam,FedEx,6,12,7,25,28.0,,Rajesh Subramaniam FedEx
2025-12-18,Juan Luciano,Archer Daniels Midland,3,8,14,25,56.0,,Juan Luciano Archer Daniels Midland
2025-12-18,Jon Moeller,Procter & Gamble,3,14,8,25,32.0,,Jon Moeller Procter & Gamble
2025-12-18,Marvin Ellison,Lowe's Companies,6,14,5,25,20.0,,Marvin Ellison Lowe's Companies
2025-12-18,Thomas Long,Energy Transfer,15,4,6,25,24.0,,Thomas Long Energy Transfer
2025-12-18,Christopher Calio,RTX,8,15,2,25,8.0,,Christopher Calio RTX
2025-12-18,Susan Morris,Albertsons,5,19,1,25,4.0,,Susan Morris Albertsons
2025-12-18,Kevin Hourican,Sysco,6,14,5,25,20.0,,Kevin Hourican Sysco
2025-12-18,Tricia Griffith,Progressive Insurance,9,13,3,25,12.0,,Tricia Griffith Progressive Insurance
2025-12-18,Stephen Squeri,American Express,12,12,1,25,4.0,,Stephen Squeri American Express
2025-12-18,James Taiclet,Lockheed Martin,7,11,7,25,28.0,,James Taiclet Lockheed Martin
2025-12-18,Michel Khalaf,MetLife Inc,10,14,1,25,4.0,,Michel Khalaf MetLife
2025-12-18,Samuel Hazen,HCA Healthcare,11,11,3,25,12.0,,Samuel Hazen HCA Healthcare
2025-12-18,Andrew Sullivan,Prudential Financial,9,15,1,25,4.0,,Andrew Sullivan Prudential Financial
2025-12-18,Kelly Ortberg,Boeing,9,14,2,25,8.0,,Kelly Ortberg Boeing
2025-12-18,Joe Creed,Caterpillar,9,15,1,25,4.0,,Joe Creed Caterpillar
2025-12-18,Robert M Davis,Merck,5,16,4,25,16.0,,Robert M Davis Merck
2025-12-18,Thomas J Wilson,Allstate,4,15,6,25,24.0,,Thomas J Wilson Allstate
2025-12-18,Albert Bourla,Pfizer,8,13,4,25,16.0,,Albert Bourla Pfizer
2025-12-18,Arvind Krishna,IBM,5,15,5,25,20.0,,Arvind Krishna IBM
2025-12-18,Craig DeSanto,New York Life Insurance,5,20,0,25,0.0,,Craig DeSanto New York Life Insurance
2025-12-18,Ed Bastian,Delta Air Lines,8,16,1,25,4.0,,Ed Bastian Delta Air Lines
2025-12-18,Kevin Murphy,Publix Super Markets,17,31,2,50,4.0,,Kevin Murphy Publix Super Markets
2025-12-18,Kirt Walker,Nationwide Mutual Insurance Company,9,14,2,25,8.0,,Kirt Walker Nationwide Mutual Insurance Company
2025-12-18,Patrick Zammit,TD Synnex,11,14,0,25,0.0,,Patrick Zammit TD Synnex
2025-12-18,Scott Kirby,United Airlines,21,3,1,25,4.0,,Scott Kirby United Airlines
2025-12-18,Ryan Lance,ConocoPhillips,14,5,6,25,24.0,,Ryan Lance ConocoPhillips
2025-12-18,Ernie Herrman,TJX,12,12,1,25,4.0,,Ernie Herrman TJX
2025-12-18,Bob Michael,AbbVie,7,17,1,25,4.0,,Bob Michael AbbVie
2025-12-18,AJ Jim Teague,Enterprise Products Partners,5,18,1,24,4.2,,AJ Jim Teague Enterprise Products Partners
2025-12-18,Christopher Winfrey,Charter Communications,9,14,2,25,8.0,,Christopher Winfrey Charter Communications
2025-12-18,George Holm,Performance Food,7,16,2,25,8.0,,George Holm Performance Food
2025-12-18,Robert Isom,American Airlines,6,17,2,25,8.0,,Robert Isom American Airlines
2025-12-18,Richard Fairbank,Capital One,12,10,3,25,12.0,,Richard Fairbank Capital One
2025-12-18,Chuck Robbins,Cisco Systems,6,16,3,25,12.0,,Chuck Robbins Cisco Systems
2025-12-18,Enrique Lores,HP,2,16,7,25,28.0,,Enrique Lores HP
2025-12-18,Donnie King,Tyson Foods,2,16,7,25,28.0,,Donnie King Tyson Foods
2025-12-18,Lip-Bu Tan,Intel,7,14,4,25,16.0,,Lip-Bu Tan Intel
2025-12-18,Clay Magouyrk,Oracle,9,12,4,25,16.0,,Clay Magouyrk Oracle
2025-12-18,Mike Sicilia,Oracle,8,14,3,25,12.0,,Mike Sicilia Oracle
2025-12-18,Hock Tan,Broadcom,7,13,5,25,20.0,,Hock Tan Broadcom
2025-12-18,John May,John Deere & Company,5,14,6,25,24.0,,John May John Deere & Company
2025-12-18,Elliott Hill,Nike,3,21,1,25,4.0,,Elliott Hill Nike
2025-12-18,Timothy M Sweeney,Liberty Mutual Insurance,24,0,1,25,4.0,,Timothy M Sweeney Liberty Mutual Insurance
2025-12-18,Willie Chiang,Plains GP,4,6,4,14,28.6,,Willie Chiang Plains GP
2025-12-18,Juan Andrade,USAA,5,15,5,25,20.0,,Juan Andrade USAA
2025-12-18,Chris Boerner,Bristol-Myers Squibb,4,17,4,25,16.0,,Chris Boerner Bristol-Myers Squibb
2025-12-18,Paul Bay,Ingram Micro,6,15,4,25,16.0,,Paul Bay Ingram Micro
2025-12-18,Phebe Novakovic,General Dynamics,16,8,1,25,4.0,,Phebe Novakovic General Dynamics
2025-12-18,James Quincey,The Coca-Cola Company,6,19,0,25,0.0,,James Quincey The Coca-Cola Company
2025-12-18,Thasunda Brown Duckett,TIAA,12,13,0,25,0.0,,Thasunda Brown Duckett TIAA
2025-12-18,Alan Schnitzer,Travelers Insurance,9,14,2,25,8.0,,Alan Schnitzer Travelers Insurance
2025-12-18,David Ricks,Eli Lilly,8,13,4,25,16.0,,David Ricks Eli Lilly
2025-12-18,Dara Khosrowshahi,Uber,7,17,1,25,4.0,,Dara Khosrowshahi Uber
2025-12-18,Roger Crandall,Mass Mutual,6,15,4,25,16.0,,Roger Crandall Mass Mutual
2025-12-18,Marc Casper,Thermo Fisher Scientific,5,18,2,25,8.0,,Marc Casper Thermo Fisher Scientific
2025-12-18,Gunjan Kedia,US Bancorp,8,15,2,25,8.0,,Gunjan Kedia US Bancorp
2025-12-18,Michael Kasbar,World Kinect,2,17,0,19,0.0,,Michael Kasbar World Kinect
2025-12-18,Robert Ford,Abbott Laboratories,5,12,8,25,32.0,,Robert Ford Abbott Laboratories
2025-12-18,Corie Barry,Best Buy,25,0,0,25,0.0,,Corie Barry Best Buy
2025-12-18,Tim Gerend,Northwestern Mutual,6,19,0,25,0.0,,Tim Gerend Northwestern Mutual
2025-12-18,Kathy Warden,Northrop Grumman,6,19,0,25,0.0,,Kathy Warden Northrop Grumman
2025-12-18,Joe Zubretsky,Molina Healthcare,6,13,6,25,24.0,,Joe Zubretsky Molina Healthcare
2025-12-18,Todd Vasos,Dollar General Corporation,1,21,3,25,12.0,,Todd Vasos Dollar General Corporation
2025-12-18,Robin Vince,Bank of New York Mellon,7,15,3,25,12.0,,Robin Vince Bank of New York Mellon
2025-12-18,David Zaslav,Warner Bros Discovery,4,9,12,25,48.0,,David Zaslav Warner Bros Discovery
2025-12-18,Jay Debertin,CHS,6,17,2,25,8.0,,Jay Debertin CHS
2025-12-18,Ted Sarandos,Netflix,10,9,6,25,24.0,,Ted Sarandos Netflix
2025-12-18,Cristiano Amon,Qualcomm,6,16,3,25,12.0,,Cristiano Amon Qualcomm
2025-12-18,Vimal Kapur,Honeywell,11,13,1,25,4.0,,Vimal Kapur Honeywell
2025-12-18,Marc Benioff,Salesforce,6,13,6,25,24.0,,Marc Benioff Salesforce
2025-12-18,Jacek Olczak,Philip Morris International,5,20,0,25,0.0,,Jacek Olczak Philip Morris International
2025-12-18,David Flitman,US Foods,3,18,4,25,16.0,,David Flitman US Foods
2025-12-18,Paul Romanowski,DR Horton Inc,5,14,6,25,24.0,,Paul Romanowski DR Horton
2025-12-18,Bryan DeBoer,Lithia Motors,9,14,2,25,8.0,,Bryan DeBoer Lithia Motors
2025-12-18,Dirk Van de Put,Mondelez,4,16,5,25,20.0,,Dirk Van de Put Mondelez
2025-12-18,Brian Niccol,Starbucks,4,11,10,25,40.0,,Brian Niccol Starbucks
2025-12-18,Ryan McInerney,Visa Inc,9,11,5,25,20.0,,Ryan McInerney Visa Inc
2025-12-18,Robert Sulentic,CBRE Group,7,16,2,25,8.0,,Robert Sulentic CBRE Group
2025-12-18,Jonathan Jaffe,Lennar,2,12,0,14,0.0,,Jonathan Jaffe Lennar
2025-12-18,Scott Strazik,GE Vernova,11,9,5,25,20.0,,Scott Strazik GE Vernova
2025-12-18,William Demchak,PNC Financial Services,6,18,1,25,4.0,,William Demchak PNC Financial Services
2025-12-18,Jennifer Rumsey,Cummins Inc,4,15,6,25,24.0,,Jennifer Rumsey Cummins Inc
2025-12-18,Preston Feight,Paccar,8,14,3,25,12.0,,Preston Feight Paccar
2025-12-18,Robert Bradway,Amgen,5,18,2,25,8.0,,Robert Bradway Amgen
2025-12-18,Matthew Lucey,PBF Energy,15,7,0,22,0.0,,Matthew Lucey PBF Energy
2025-12-18,Brian D Pieninck,GuideWell Mutual,0,5,0,5,0.0,,Brian D Pieninck GuideWell Mutual
2025-12-18,Alex Chriss,PayPal,8,14,3,25,12.0,,Alex Chriss PayPal
2025-12-18,Sandy Douglas,United Natural Foods,18,7,0,25,0.0,,Sandy Douglas United Natural Foods
2025-12-18,Michael Creedon,Dollar Tree,5,16,4,25,16.0,,Michael Creedon Dollar Tree
2025-12-18,Leon Topalian,Nucor,7,14,4,25,16.0,,Leon Topalian Nucor
2025-12-18,Roger Penske,Penske Automotive,11,12,2,25,8.0,,Roger Penske Penske Automotive
2025-12-18,Bom Kim,Coupang,0,13,12,25,48.0,,Bom Kim Coupang
2025-12-18,Antonio Neri,Hewlett Packard Enterprise,8,14,3,25,12.0,,Antonio Neri Hewlett Packard Enterprise
2025-12-18,Harry Sideris,Duke Energy,24,1,0,25,0.0,,Harry Sideris Duke Energy
2025-12-18,Joseph Bae,KKR & Co,10,14,1,25,4.0,,Joseph Bae KKR & Co
2025-12-18,David Ellison,Paramount Global,2,6,17,25,68.0,,David Ellison Paramount Global
2025-12-18,Michael Dastoor,Jabil,4,13,8,25,32.0,,Michael Dastoor Jabil
2025-12-18,Daniel O'Day,Gilead Sciences,12,12,1,25,4.0,,Daniel O'Day Gilead Sciences
2025-12-18,Tim Go,HF Sinclair,15,9,1,25,4.0,,Tim Go HF Sinclair
2025-12-18,David McCreight,CarMax,3,11,6,20,30.0,,David McCreight CarMax
2025-12-18,Michael Miebach,Mastercard,6,16,3,25,12.0,,Michael Miebach Mastercard
2025-12-18,Lawrence Coben,NRG Energy,10,6,1,17,5.9,,Lawrence Coben NRG Energy
2025-12-18,Sean Kerins,Arrow Electronics,3,20,2,25,8.0,,Sean Kerins Arrow Electronics
2025-12-18,Lorenzo Simonelli,Baker Hughes,8,15,2,25,8.0,,Lorenzo Simonelli Baker Hughes
2025-12-18,Bob Jordan,Southwest Airlines,10,12,3,25,12.0,,Bob Jordan Southwest Airlines
2025-12-18,Peter Zaffino,AIG,7,13,5,25,20.0,,Peter Zaffino AIG
2025-12-18,Gary Dickerson,Applied Materials,1,11,13,25,52.0,,Gary Dickerson Applied Materials
2025-12-18,Vicki Hollub,Occidental Petroleum,8,12,5,25,20.0,,Vicki Hollub Occidental Petroleum
2025-12-18,Michael Manley,AutoNation,4,21,0,25,0.0,,Michael Manley AutoNation
2025-12-18,Christopher Womack,Southern Company,9,14,2,25,8.0,,Christopher Womack Southern Company
2025-12-18,Christopher Swift,The Hartford Insurance Group,8,15,2,25,8.0,,Christopher Swift The Hartford
2025-12-18,Marc Rowan,Apollo Global Management,7,9,9,25,36.0,,Marc Rowan Apollo Global Management
2025-12-18,Rick Wurster,Charles Schwab,3,18,4,25,16.0,,Rick Wurster Charles Schwab
2025-12-18,Chris Kempczinski,McDonalds,5,10,10,25,40.0,,Chris Kempczinski McDonalds
2025-12-18,Carlos Abrams-Rivera,Kraft Heinz,3,22,0,25,0.0,,Carlos Abrams-Rivera Kraft Heinz
2025-12-18,Lisa Su,Advanced Micro Devices,9,12,4,25,16.0,,Lisa Su Advanced Micro Devices
2025-12-18,William H Rogers Jr,Truist Financial,7,13,4,24,16.7,,William H Rogers Jr Truist Financial
2025-12-18,Kathleen Quirk,Freeport-McMoRan,9,13,3,25,12.0,,Kathleen Quirk Freeport-McMoRan
2025-12-18,Sanjay Mehrotra,Micron Technology,8,15,2,25,8.0,,Sanjay Mehrotra Micron Technology
2025-12-18,Anthony Capuano,Marriott International,10,13,2,25,8.0,,Anthony Capuano Marriott International
2025-12-18,David Gitlin,Carrier Global,9,13,3,25,12.0,,David Gitlin Carrier Global
2025-12-18,John Ketchum,NextEra Energy,16,9,0,25,0.0,,John Ketchum NextEra Energy
2025-12-18,William M Brown,3M Company,5,19,1,25,4.0,,William M Brown 3M Company
2025-12-18,John Doyle,Marsh & McLennan,4,15,6,25,24.0,,John Doyle Marsh & McLennan
2025-12-18,Patricia Poppe,Pacific Gas and Electric Company,10,11,4,25,16.0,,Patricia Poppe Pacific Gas and Electric Company
2025-12-18,Jim Vena,Union Pacific,8,17,0,25,0.0,,Jim Vena Union Pacific
2025-12-18,Brian Doubles,Synchrony Financial,6,18,1,25,4.0,,Brian Doubles Synchrony Financial
2025-12-18,Rainer Blair,Danaher,8,15,2,25,8.0,,Rainer Blair Danaher
2025-12-18,Philip Gallagher,Avnet,4,20,1,25,4.0,,Philip Gallagher Avnet
2025-12-18,Glenn Fogel,Booking Holdings,9,12,4,25,16.0,,Glenn Fogel Booking Holdings
2025-12-18,Ezra Yacob,EOG Resources,10,14,1,25,4.0,,Ezra Yacob EOG Resources
2025-12-18,Earl Austin,Quanta Services,6,11,2,19,10.5,,Earl Austin Quanta Services
2025-12-18,Michael Shepherd,Discover Financial,8,15,2,25,8.0,,Michael Shepherd Discover Financial
2025-12-18,Joseph Dominguez,Constellation Energy,12,13,0,25,0.0,,Joseph Dominguez Constellation Energy
2025-12-18,William Stengel II,Genuine Parts Company,3,13,0,16,0.0,,William Stengel II Genuine Parts
2025-12-18,Christian Ulbrich,Jones Lang LaSalle,10,14,1,25,4.0,,Christian Ulbrich Jones Lang LaSalle
2025-12-18,Raymond E Scott,Lear Corporation,3,10,2,15,13.3,,Raymond E Scott Lear Corporation
2025-12-18,Michael Rapino,Live Nation Entertainment,6,13,6,25,24.0,,Michael Rapino Live Nation Entertainment
2025-12-18,Heidi Petz,Sherwin-Williams,4,15,6,25,24.0,,Heidi Petz Sherwin-Williams
2025-12-18,Calvin G Butler Jr,Exelon,7,12,1,20,5.0,,Calvin G Butler Jr Exelon
2025-12-18,Tony Spring,Macys,11,11,3,25,12.0,,Tony Spring Macys
2025-12-18,Jeff Miller,Halliburton,9,9,7,25,28.0,,Jeff Miller Halliburton
2025-12-18,Kevin Lobo,Stryker,9,12,4,25,16.0,,Kevin Lobo Stryker
2025-12-18,Tony Cheng,Reinsurance Group of America,0,11,2,13,15.4,,Tony Cheng Reinsurance Group of America
2025-12-18,Ronald P O'Hanley,State Street,6,16,3,25,12.0,,Ronald P O'Hanley State Street
2025-12-18,John Engel,WESCO International,4,20,1,25,4.0,,John Engel WESCO International
2025-12-18,Pierce Norton II,Oneok,9,11,3,23,13.0,,Pierce Norton II Oneok
2025-12-18,Shantanu Narayen,Adobe,7,15,3,25,12.0,,Shantanu Narayen Adobe
2025-12-18,Bill Westrate,American Family Insurance,8,15,2,25,8.0,,Bill Westrate American Family Insurance
2025-12-18,Chris Kubasik,L3Harris Technologies,10,14,1,25,4.0,,Chris Kubasik L3Harris Technologies
2025-12-18,James Conroy,Ross Stores,4,19,2,25,8.0,,James Conroy Ross Stores
2025-12-18,Christine Leahy,CDW,3,19,3,25,12.0,,Christine Leahy CDW
2025-12-18,Saumya Sutaria,Tenet Healthcare,4,4,2,10,20.0,,Saumya Sutaria Tenet Healthcare
2025-12-18,Bob Eddy,BJ's Wholesale Club,3,19,3,25,12.0,,Bob Eddy BJ's Wholesale Club
2025-12-18,Mike Lyons,Fiserv,5,13,7,25,28.0,,Mike Lyons Fiserv
2025-12-18,William Gifford,Altria,4,21,0,25,0.0,,William Gifford Altria
2025-12-18,Larry Fink,BlackRock,2,13,10,25,40.0,,Larry Fink BlackRock
2025-12-18,Thomas Polen,Becton Dickinson,7,15,3,25,12.0,,Thomas Polen Becton Dickinson
2025-12-18,Noel Wallace,Colgate-Palmolive,3,20,2,25,8.0,,Noel Wallace Colgate-Palmolive
2025-12-18,Michael Hsu,Kimberly-Clark,6,17,2,25,8.0,,Michael Hsu Kimberly-Clark
2025-12-18,Daryl Kenningham,Group 1 Automotive,6,13,6,25,24.0,,Daryl Kenningham Group 1 Automotive
2025-12-18,Jennifer Parmentier,Parker-Hannifin,3,20,0,23,0.0,,Jennifer Parmentier Parker-Hannifin
2025-12-18,Jeffrey Harmening,General Mills,7,15,3,25,12.0,,Jeffrey Harmening General Mills
2025-12-18,Ravi Kumar S,Cognizant Technology Solutions,7,17,1,25,4.0,,Ravi Kumar S Cognizant Technology Solutions
2025-12-18,William Fehrman,American Electric Power,7,13,1,21,4.8,,William Fehrman American Electric Power
2025-12-18,Peter Arduini,GE HealthCare Technologies,4,20,1,25,4.0,,Peter Arduini GE HealthCare Technologies
2025-12-18,Maria Black,Automatic Data Processing,10,15,0,25,0.0,,Maria Black Automatic Data Processing
2025-12-18,Lourenco Goncalves,Cleveland-Cliffs,4,14,7,25,28.0,,Lourenco Goncalves Cleveland-Cliffs
2025-12-18,Dan Amos,Aflac,4,14,7,25,28.0,,Dan Amos Aflac
2025-12-18,Mark Stewart,Goodyear Tire & Rubber,6,19,0,25,0.0,,Mark Stewart Goodyear Tire & Rubber
2025-12-18,Kevin Hogan,Corebridge Financial,9,10,1,20,5.0,,Kevin Hogan Corebridge Financial
2025-12-18,Thomas Palmer,Newmont,5,20,0,25,0.0,,Thomas Palmer Newmont
2025-12-18,Andrew Silvernail,International Paper,8,14,3,25,12.0,,Andrew Silvernail International Paper
2025-12-18,Philip Daniele III,AutoZone,2,18,5,25,20.0,,Philip Daniele III AutoZone
2025-12-18,Ellen Cooper,Lincoln National,7,17,1,25,4.0,,Ellen Cooper Lincoln National
2025-12-18,Ryan Marshall,PulteGroup,7,12,6,25,24.0,,Ryan Marshall PulteGroup
2025-12-18,James Cracchiolo,Ameriprise Financial,1,18,6,25,24.0,,James Cracchiolo Ameriprise Financial
2025-12-18,Andrew Clyde,Murphy USA,7,16,2,25,8.0,,Andrew Clyde Murphy USA
2025-12-18,Jonas Prising,ManpowerGroup,7,16,2,25,8.0,,Jonas Prising ManpowerGroup
2025-12-18,David Bozeman,CH Robinson Worldwide,3,19,3,25,12.0,,David Bozeman CH Robinson Worldwide
2025-12-18,Timothy Knavish,PPG Industries,0,11,2,13,15.4,,Timothy Knavish PPG Industries
2025-12-18,Pedro Pizarro,Edison International,2,11,12,25,48.0,,Pedro Pizarro Edison International
2025-12-18,Mark Millett,Steel Dynamics,22,3,0,25,0.0,,Mark Millett Steel Dynamics
2025-12-18,Benjamin Tisch,Loews,2,12,3,17,17.6,,Benjamin Tisch Loews
2025-12-18,Karsanbhai,Emerson Electric,3,18,4,25,16.0,,Karsanbhai Emerson Electric
2025-12-18,John Zillmer,Aramark,7,17,1,25,4.0,,John Zillmer Aramark
2025-12-18,William Hornbuckle,MGM Resorts International,7,12,6,25,24.0,,William Hornbuckle MGM Resorts International
2025-12-18,James Burke,Vistra,16,7,0,23,0.0,,James Burke Vistra
2025-12-18,David Hult,Asbury Automotive Group,4,19,2,25,8.0,,David Hult Asbury Automotive Group
2025-12-18,DG Macpherson,WW Grainger,0,14,1,15,6.7,,DG Macpherson WW Grainger
2025-12-18,Eric Slifka,Global Partners,3,16,6,25,24.0,,Eric Slifka Global Partners
2025-12-18,Bob Pragada,Jacobs Solutions,8,15,2,25,8.0,,Bob Pragada Jacobs Solutions
2025-12-18,Charles Magro,Corteva,2,8,2,12,16.7,,Charles Magro Corteva
2025-12-18,Rick Lanoha,Kiewit Corporation,0,12,1,13,7.7,,Rick Lanoha Kiewit Corporation
2025-12-18,Michael Mahoney,Boston Scientific,6,16,3,25,12.0,,Michael Mahoney Boston Scientific
2025-12-18,Brad Beckham,O'Reilly Automotive,4,18,3,25,12.0,,Brad Beckham O'Reilly Automotive
2025-12-18,Thomas Bell,Leidos,7,17,1,25,4.0,,Thomas Bell Leidos
2025-12-18,Thomas Gayner,Markel Group,7,15,3,25,12.0,,Thomas Gayner Markel Group
2025-12-18,Marc Bitzer,Whirlpool,9,11,5,25,20.0,,Marc Bitzer Whirlpool
2025-12-18,Andrew McMahon,Guardian Life insurance,3,22,0,25,0.0,,Andrew McMahon Guardian Life insurance
2025-12-18,Peter Jackson,Builders FirstSource,3,17,1,21,4.8,,Peter Jackson Builders FirstSource
2025-12-18,Michael Rhodes,Ally Financial,5,16,4,25,16.0,,Michael Rhodes Ally Financial
2025-12-18,Matthew Meloy,Targa Resources,7,10,1,18,5.6,,Matthew Meloy Targa Resources
2025-12-18,James Breuer,Fluor,2,8,0,10,0.0,,James Breuer Fluor
2025-12-18,Sasan Goodarzi,Intuit,6,16,3,25,12.0,,Sasan Goodarzi Intuit
2025-12-18,Troy Rudd,AECOM,5,17,3,25,12.0,,Troy Rudd AECOM
2025-12-18,Penny Pennington,Edward Jones,7,13,5,25,20.0,,Penny Pennington Edward Jones
2025-12-18,Michael Bender,Kohl's,2,18,5,25,20.0,,Michael Bender Kohl's
2025-12-18,Beth Ford,Land O'Lakes,9,15,1,25,4.0,,Beth Ford Land O'Lakes
2025-12-18,Deanna Strable-Soethout,PrIncipal Financial,2,8,0,10,0.0,,Deanna Strable-Soethout PrIncipal Financial
2025-12-18,Robert Blue,Dominion Energy,14,8,3,25,12.0,,Robert Blue Dominion Energy
2025-12-18,Martin Schroeter,Kyndryl,9,14,2,25,8.0,,Martin Schroeter Kyndryl
2025-12-18,Jon Vander Ark,Republic Services,4,6,15,25,60.0,,Jon Vander Ark Republic Services
2025-12-18,Clay Gaspar,Devon Energy,22,1,2,25,8.0,,Clay Gaspar Devon Energy
2025-12-18,Christopher O'Herlihy,Illinois Tool Works,4,16,4,24,16.7,,Christopher O'Herlihy Illinois Tool Works
2025-12-18,Michael O'Grady,Northern Trust,19,6,0,25,0.0,,Michael O'Grady Northern Trust
2025-12-18,Jamie Whisnant,Auto-Owners Insurance,0,2,0,2,0.0,,Jamie Whisnant Auto-Owners Insurance
2025-12-18,Marc Miller,Universal Health Services,5,17,3,25,12.0,,Marc Miller Universal Health Services
2025-12-18,Darryl Button,Pacific Life,3,21,1,25,4.0,,Darryl Button Pacific Life
2025-12-18,Hamid Akhavan,EchoStar,10,8,7,25,28.0,,Hamid Akhavan EchoStar
2025-12-18,Christophe Beck,Ecolab,12,11,2,25,8.0,,Christophe Beck Ecolab
2025-12-18,Jack Fusco,Cheniere Energy,11,13,1,25,4.0,,Jack Fusco Cheniere Energy
2025-12-18,John Wren,Omnicom Group,9,13,3,25,12.0,,John Wren Omnicom Group
2025-12-18,Haviv Ilan,Texas Instruments,6,16,3,25,12.0,,Haviv Ilan Texas Instruments
2025-12-18,David Burritt,United States Steel,5,18,2,25,8.0,,David Burritt United States Steel
2025-12-18,Stéphane de La Faverie,Estée Lauder,11,12,2,25,8.0,,Stéphane de La Faverie Estée Lauder
2025-12-18,Raul Nicholas Vargas Ochoa,Farmers Insurance Exchange,0,0,0,0,0.0,,Raul Nicholas Vargas Ochoa Farmers Insurance Exchange
2025-12-18,Kirk Perry,Kenvue,4,19,2,25,8.0,,Kirk Perry Kenvue
2025-12-18,Ari Bousbib,IQVIA,8,15,2,25,8.0,,Ari Bousbib IQVIA
2025-12-18,Donald Allan,Stanley Black & Decker,5,18,2,25,8.0,,Donald Allan Stanley Black & Decker
2025-12-18,Timothy Cofer,Keurig Dr Pepper,4,9,1,14,7.1,,Timothy Cofer Keurig Dr Pepper
2025-12-18,Matthew Flannery,United Rentals,22,3,0,25,0.0,,Matthew Flannery United Rentals
2025-12-18,Timothy Cawley,Consolidated Edison,8,9,6,23,26.1,,Timothy Cawley Consolidated Edison
2025-12-18,Adam Norwitt,Amphenol,5,19,1,25,4.0,,Adam Norwitt Amphenol
2025-12-18,Brent Shafer,Baxter International,1,16,0,17,0.0,,Brent Shafer Baxter International
2025-12-18,Kimberly Dang,Kinder Morgan,12,3,1,16,6.2,,Kimberly Dang Kinder Morgan
2025-12-18,Erik Nordstrom,Nordstrom,7,17,1,25,4.0,,Erik Nordstrom Nordstrom
2025-12-18,Frank Holding,First Citizens BancShares,7,17,1,25,4.0,,Frank Holding First Citizens BancShares
2025-12-18,Paul Shoukry,Raymond James Financial,9,16,0,25,0.0,,Paul Shoukry Raymond James Financial
2025-12-18,Timothy Archer,Lam Research,8,11,6,25,24.0,,Timothy Archer Lam Research
2025-12-18,Harry Lawton III,Tractor Supply,2,7,1,10,10.0,,Harry Lawton III Tractor Supply
2025-12-18,Darren Rebelez,Caseys General Stores,10,13,2,25,8.0,,Darren Rebelez Caseys General Stores
2025-12-18,Scott Smith,Viatris,9,15,1,25,4.0,,Scott Smith Viatris
2025-12-18,James Blackledge,Mutual of Omaha,2,19,1,22,4.5,,James Blackledge Mutual of Omaha
2025-12-18,Anthony Guzzi,EMCOR Group,3,10,1,14,7.1,,Anthony Guzzi EMCOR Group
2025-12-18,Joseph Hinrichs,CSX,7,14,4,25,16.0,,Joseph Hinrichs CSX
2025-12-18,Justin Jude,LKQ,3,9,2,14,14.3,,Justin Jude LKQ
2025-12-18,Judith Marks,Otis Worldwide,5,16,4,25,16.0,,Judith Marks Otis Worldwide
2025-12-18,David Bruton Smith,Sonic Automotive,3,12,10,25,40.0,,David Bruton Smith Sonic Automotive
2025-12-18,Martina Cheung,S&P Global,6,19,0,25,0.0,,Martina Cheung S&P Global
2025-12-18,Leonard Schleifer,Regeneron Pharmaceuticals,3,16,6,25,24.0,,Leonard Schleifer Regeneron Pharmaceuticals
2025-12-18,Joseph Fadool,BorgWarner,1,14,0,15,0.0,,Joseph Fadool BorgWarner
2025-12-18,Karla Lewis,Reliance Inc,6,9,0,15,0.0,,Karla Lewis Reliance Inc
2025-12-18,John Barrett,Western & Southern Financial,6,19,0,25,0.0,,John Barrett Western & Southern Financial
2025-12-18,Scott Donnelly,Textron,6,18,1,25,4.0,,Scott Donnelly Textron
2025-12-18,Ariane Gorin,Expedia,8,15,2,25,8.0,,Ariane Gorin Expedia
2025-12-18,Michael Nolan,Fidelity National Financial,4,15,1,20,5.0,,Michael Nolan Fidelity National Financial
2025-12-18,Ernest Garcia III,Carvana,18,6,1,25,4.0,,Ernest Garcia III Carvana
2025-12-18,Raul Fernandez,DXC Technology,2,22,1,25,4.0,,Raul Fernandez DXC Technology
2025-12-18,Robert Berkley,WR Berkley,8,15,2,25,8.0,,Robert Berkley WR Berkley
2025-12-18,René Jones,M&T Bank,7,15,3,25,12.0,,René Jones M&T Bank
2025-12-18,Lauren Hobart,Dicks Sporting Goods,6,14,5,25,20.0,,Lauren Hobart Dicks Sporting Goods
2025-12-18,Robert Frenzel,Xcel Energy,13,5,7,25,28.0,,Robert Frenzel Xcel Energy
2025-12-18,Timothy Spence,Fifth Third Bancorp,6,14,5,25,20.0,,Timothy Spence Fifth Third Bancorp
2025-12-18,Stephen Schwarzman,Blackstone,6,14,5,25,20.0,,Stephen Schwarzman Blackstone
2025-12-18,Walker Martin,Sempra,1,4,0,5,0.0,,Walker Martin Sempra
2025-12-18,Timothy NeCastro,Erie Insurance,4,8,2,14,14.3,,Timothy NeCastro Erie Insurance
2025-12-18,Wendell Weeks,Corning,5,14,6,25,24.0,,Wendell Weeks Corning
2025-12-18,Kathleen Johnson,Lumen Technologies,4,20,1,25,4.0,,Kathleen Johnson Lumen Technologies
2025-12-18,Brian Tierney,FirstEnergy,7,15,3,25,12.0,,Brian Tierney FirstEnergy
2025-12-18,Adam Schechter,Labcorp Holdings,10,12,2,24,8.3,,Adam Schechter Labcorp Holdings
2025-12-18,Tiang Yew Tan,Western Digital,2,6,0,8,0.0,,Tiang Yew Tan Western Digital
2025-12-18,Rick McKenney,Unum Group,13,10,2,25,8.0,,Rick McKenney Unum Group
2025-12-18,Javier Rodriguez,DaVita,10,14,1,25,4.0,,Javier Rodriguez DaVita
2025-12-18,Steven Cahillane,Kellanova,3,21,1,25,4.0,,Steven Cahillane Kellanova
2025-12-18,Stanley Bergman,Henry Schein,3,21,1,25,4.0,,Stanley Bergman Henry Schein
2025-12-18,Robert Sanchez,Ryder System,3,19,3,25,12.0,,Robert Sanchez Ryder System
2025-12-18,Tim Hingtgen,Community Health Systems,6,15,4,25,16.0,,Tim Hingtgen Community Health Systems
2025-12-18,Avigal Soreq,Delek US,4,15,5,24,20.8,,Avigal Soreq Delek US
2025-12-18,Gerardo Norcia,DTE Energy,9,3,1,13,7.7,,Gerardo Norcia DTE Energy
2025-12-18,Mark Pearson,Equitable Holdings,7,14,2,23,8.7,,Mark Pearson Equitable Holdings
2025-12-18,Lori Koch,DuPont de Nemours,7,18,0,25,0.0,,Lori Koch DuPont
2025-12-18,Rich Steinmeier,LPL Financial,15,8,2,25,8.0,,Rich Steinmeier LPL Financial
2025-12-18,Bruce Van Saun,Citizens Financial Group,10,15,0,25,0.0,,Bruce Van Saun Citizens Financial Group
2025-12-18,José Mas,MasTec,8,16,1,25,4.0,,José Mas MasTec
2025-12-18,Andrés Gluski,AES,13,10,2,25,8.0,,Andrés Gluski AES
2025-12-18,Kevin Kwilinski,Berry Global,5,20,0,25,0.0,,Kevin Kwilinski Berry Global
2025-12-18,Mark George,Norfolk Southern,9,15,1,25,4.0,,Mark George Norfolk Southern
2025-12-18,Eduardo Menezes,Air Products & Chemicals,3,15,7,25,28.0,,Eduardo Menezes Air Products & Chemicals
2025-12-18,Shelley Simpson,JB Hunt Transport Services,5,18,2,25,8.0,,Shelley Simpson JB Hunt Transport Services
2025-12-18,Daniel Fisher,Ball Corporation,3,17,5,25,20.0,,Daniel Fisher Ball Corporation
2025-12-18,Sean Connolly,Conagra Brands,6,17,2,25,8.0,,Sean Connolly Conagra Brands
2025-12-18,Stephen Steinour,Huntington Bancshares,6,16,3,25,12.0,,Stephen Steinour Huntington Bancshares
2025-12-18,James Snee,Hormel Foods,1,23,1,25,4.0,,James Snee Hormel Foods
2025-12-18,Joseph Nolan,Eversource Energy,8,15,2,25,8.0,,Joseph Nolan Eversource Energy
2025-12-18,William Oplinger,Alcoa Corporation,4,13,8,25,32.0,,William Oplinger Alcoa Corporation
2025-12-18,Drew Marsh,Entergy,14,11,0,25,0.0,,Drew Marsh Entergy
2025-12-18,Keith Demmings,Assurant,4,10,0,14,0.0,,Keith Demmings Assurant
2025-12-18,Sumit Singh,Chewy,7,13,5,25,20.0,,Sumit Singh Chewy
2025-12-18,Niraj Shah,Wayfair,6,15,4,25,16.0,,Niraj Shah Wayfair
2025-12-18,Brian Choi,Avis Budget,3,16,3,22,13.6,,Brian Choi Avis Budget
2025-12-18,Jeffrey Sprecher,Intercontinental Exchange,9,16,0,25,0.0,,Jeffrey Sprecher Intercontinental Exchange
2025-12-18,Benito Minicucci,Alaska Air,1,6,3,10,30.0,,Benito Minicucci Alaska Air
2025-12-18,Patrick Kelleher,GXO Logistics,6,19,0,25,0.0,,Patrick Kelleher GXO Logistics
2025-12-18,Eric Hansotia,AGCO,9,10,6,25,24.0,,Eric Hansotia AGCO
2025-12-18,Kathleen Mazzarella,Graybar Electric,6,19,0,25,0.0,,Kathleen Mazzarella Graybar Electric
2025-12-18,Gavin Hattersley,Molson Coors Beverage,3,21,1,25,4.0,,Gavin Hattersley Molson Coors Beverage
2025-12-18,Patrick Gallagher,Arthur J Gallagher,7,17,1,25,4.0,,Patrick Gallagher Arthur J Gallagher
2025-12-18,Christopher Kastner,Huntington Ingalls Industries,8,15,2,25,8.0,,Christopher Kastner Huntington Ingalls Industries
2025-12-18,Erik Fyrwald,International Flavors & Fragrances,6,16,3,25,12.0,,Erik Fyrwald International Flavors & Fragrances
2025-12-18,Ricardo Cardenas,Darden Restaurants,6,9,1,16,6.2,,Ricardo Cardenas Darden Restaurants
2025-12-18,Stephen Spray,CIncinnati Financial,5,17,3,25,12.0,,Stephen Spray CIncinnati Financial
2025-12-18,Scott Boatwright,Chipotle Mexican Grill,6,13,6,25,24.0,,Scott Boatwright Chipotle Mexican Grill
2025-12-18,Joey Wat,Yum China,8,16,1,25,4.0,,Joey Wat Yum China
2025-12-18,Robert Goldstein,Las Vegas Sands,5,18,2,25,8.0,,Robert Goldstein Las Vegas Sands
2025-12-18,Kecia Steelman,Ulta Beauty,20,3,2,25,8.0,,Kecia Steelman Ulta Beauty
2025-12-18,Thomas Reeg,Caesars Entertainment,9,11,5,25,20.0,,Thomas Reeg Caesars Entertainment
2025-12-18,Jon Rousseau,BrightSpring Health Services,9,16,0,25,0.0,,Jon Rousseau BrightSpring Health Services
2025-12-18,William Krueger,The Andersons Inc,5,13,0,18,0.0,,William Krueger The Andersons Inc
2025-12-18,Michele Buck,Hershey,3,21,1,25,4.0,,Michele Buck Hershey
2025-12-18,Christopher Nassetta,Hilton Worldwide,9,13,3,25,12.0,,Christopher Nassetta Hilton Worldwide
2025-12-18,Bruce Bodine,The Mosaic Company,9,10,6,25,24.0,,Bruce Bodine The Mosaic Company
2025-12-18,Brian Chesky,Airbnb,6,10,9,25,36.0,,Brian Chesky Airbnb
2025-12-18,Kaes Van’t Hof,Diamondback Energy,13,9,3,25,12.0,,Kaes Van’t Hof Diamondback Energy
2025-12-18,Steven Vondran,American Tower,4,8,2,14,14.3,,Steven Vondran American Tower
2025-12-18,Reshma Kewalramani,Vertex Pharmaceuticals,12,9,4,25,16.0,,Reshma Kewalramani Vertex Pharmaceuticals
2025-12-18,William McDermott,ServiceNow,4,17,4,25,16.0,,William McDermott ServiceNow
2025-12-18,Brian Chambers,Owens Corning,3,20,2,25,8.0,,Brian Chambers Owens Corning
2025-12-18,Teresa Rasmussen,Thrivent Financial for Lutherans,3,7,0,10,0.0,,Teresa Rasmussen Thrivent Financial for Lutherans
2025-12-18,Shane O'Kelly,Advance Auto Parts,6,15,4,25,16.0,,Shane O'Kelly Advance Auto Parts
2025-12-18,Douglas Yearley,Toll Brothers,7,13,5,25,20.0,,Douglas Yearley Toll Brothers
2025-12-18,Jeffrey Lorberbaum,Mohawk Industries,11,13,1,25,4.0,,Jeffrey Lorberbaum Mohawk Industries
2025-12-18,Gregory Brown,Motorola Solutions,6,15,4,25,16.0,,Gregory Brown Motorola Solutions
2025-12-18,John Pfeifer,Oshkosh Corporation,9,16,0,25,0.0,,John Pfeifer Oshkosh Corporation
2025-12-18,Tony Xu,DoorDash,5,15,5,25,20.0,,Tony Xu DoorDash
2025-12-18,Edward Pesicka,Owens & Minor,5,17,3,25,12.0,,Edward Pesicka Owens & Minor
2025-12-18,Eugene Bredow,NVR Inc,0,10,0,10,0.0,,Eugene Bredow NVR Inc
2025-12-18,Philippe Krakowsky,Interpublic Group,7,17,1,25,4.0,,Philippe Krakowsky Interpublic Group
2025-12-18,Horacio Rozanski,Booz Allen Hamilton,10,11,4,25,16.0,,Horacio Rozanski Booz Allen Hamilton
2025-12-18,Michael O’Sullivan,Burlington Stores,2,21,2,25,8.0,,Michael O’Sullivan Burlington Stores
2025-12-18,Daniel Wall,Expeditors International of Washington,2,5,0,7,0.0,,Daniel Wall Expeditors International of Washington
2025-12-18,Calvin McDonald,Lululemon athletica,4,19,2,25,8.0,,Calvin McDonald Lululemon athletica
2025-12-18,Stephanie Ferris,Fidelity National Information Services,9,14,2,25,8.0,,Stephanie Ferris Fidelity National Information Services
2025-12-18,Rich Handler,Jefferies Financial,9,8,8,25,32.0,,Rich Handler Jefferies Financial
2025-12-18,Alan Armstrong,Williams Companies,11,13,1,25,4.0,,Alan Armstrong Williams Companies
2025-12-18,Bracken Darrell,VF Corporation,8,15,2,25,8.0,,Bracken Darrell VF Corporation
2025-12-18,Mikael Bratt,Autoliv,4,9,5,18,27.8,,Mikael Bratt Autoliv
2025-12-18,Rafael Santana,Westinghouse Air Brake Technologies,12,10,3,25,12.0,,Rafael Santana Westinghouse Air Brake Technologies
2025-12-18,Ralph LaRossa,Public Service Enterprise Group,8,14,3,25,12.0,,Ralph LaRossa Public Service Enterprise Group
2025-12-18,Jamie Iannone,Ebay,6,18,1,25,4.0,,Jamie Iannone Ebay
2025-12-18,Scott Richardson,Celanese,5,12,3,20,15.0,,Scott Richardson Celanese
2025-12-18,Cameron Bready,Global Payments,6,18,1,25,4.0,,Cameron Bready Global Payments
2025-12-18,Robert Thomson,News Corp,1,19,5,25,20.0,,Robert Thomson News Corp
2025-12-18,Robert Martin,THOR Industries,6,17,2,25,8.0,,Robert Martin THOR Industries
2025-12-18,David Rawlinson II,QVC Group,8,14,3,25,12.0,,David Rawlinson II QVC Group
2025-12-18,Andrew Teno,Icahn Enterprises,4,8,1,13,7.7,,Andrew Teno Icahn Enterprises
2025-12-18,William Newlands,Constellation Brands,3,17,5,25,20.0,,William Newlands Constellation Brands
2025-12-18,James Davis,Quest Diagnostics,11,11,3,25,12.0,,James Davis Quest Diagnostics
2025-12-18,Richard Wallace,KLA,3,6,4,13,30.8,,Richard Wallace KLA
2025-12-18,Brad Jacobs,QXO Building Products,3,21,1,25,4.0,,Brad Jacobs QXO Building Products
2025-12-18,John Christmann IV,APA,2,12,0,14,0.0,,John Christmann IV APA
2025-12-18,Gregory Roberts,A-Mark Precious Metals,20,4,1,25,4.0,,Gregory Roberts A-Mark Precious Metals
2025-12-18,Christopher Viehbacher,Biogen,4,18,3,25,12.0,,Christopher Viehbacher Biogen
2025-12-18,Mick Beekhuizen,Campbell Soup,3,19,3,25,12.0,,Mick Beekhuizen Campbell Soup
2025-12-18,Christopher Caldwell,Concentrix,12,13,0,25,0.0,,Christopher Caldwell Concentrix
2025-12-18,Todd Schneider,Cintas,8,14,3,25,12.0,,Todd Schneider Cintas
2025-12-18,Tony Sarsam,SpartanNash,12,12,1,25,4.0,,Tony Sarsam SpartanNash
2025-12-18,John Venhuizen,Ace Hardware,9,15,1,25,4.0,,John Venhuizen Ace Hardware
2025-12-18,Vincent Roche,Analog Devices,12,12,1,25,4.0,,Vincent Roche Analog Devices
2025-12-18,Mark Costa,Eastman Chemical,4,14,7,25,28.0,,Mark Costa Eastman Chemical
2025-12-18,Milan Galik,Interactive Brokers,10,14,1,25,4.0,,Milan Galik Interactive Brokers
2025-12-18,John Turner,Regions Financial,14,10,1,25,4.0,,John Turner Regions Financial
2025-12-18,Joanna Geraghty,JetBlue Airways,8,10,7,25,28.0,,Joanna Geraghty JetBlue Airways
2025-12-18,Kristin Peck,Zoetis,10,14,1,25,4.0,,Kristin Peck Zoetis
2025-12-18,Christopher Gorman,KeyCorp,6,17,2,25,8.0,,Christopher Gorman KeyCorp
2025-12-18,Mark Bertolini,Oscar Health,6,15,4,25,16.0,,Mark Bertolini Oscar Health
2025-12-18,Brendan McCracken,Ovintiv,9,9,1,19,5.3,,Brendan McCracken Ovintiv
2025-12-18,Robert Steer,Seaboard,1,6,0,7,0.0,,Robert Steer Seaboard
2025-12-18,Gil West,Hertz,5,15,5,25,20.0,,Gil West Hertz
2025-12-18,Robert Greenberg,Skechers USA,5,19,1,25,4.0,,Robert Greenberg Skechers USA
2025-12-18,Dennis Mathew,Altice USA,5,15,5,25,20.0,,Dennis Mathew Altice USA
2025-12-18,Clay Williams,NOV,10,11,4,25,16.0,,Clay Williams NOV
2025-12-18,Michael Doss,Graphic Packaging,8,15,2,25,8.0,,Michael Doss Graphic Packaging
2025-12-18,Deon Stander,Avery Dennison,0,16,0,16,0.0,,Deon Stander Avery Dennison
2025-12-18,Adaire Fox-Martin,Equinix,9,14,2,25,8.0,,Adaire Fox-Martin Equinix
2025-12-18,Joyce Mullen,Insight Enterprises,5,19,1,25,4.0,,Joyce Mullen Insight Enterprises
2025-12-18,Jennifer Witz,Sirius XM,5,14,6,25,24.0,,Jennifer Witz Sirius XM
2025-12-18,Stefan Larsson,PVH,6,12,7,25,28.0,,Stefan Larsson PVH
2025-12-18,Jason P Wells,CenterPoint Energy,16,6,3,25,12.0,,Jason P Wells CenterPoint Energy
2025-12-18,Scott Lauber,WEC Energy,16,9,0,25,0.0,,Scott Lauber WEC Energy
2025-12-18,Matthew Pine,Xylem Inc,2,11,1,14,7.1,,Matthew Pine Xylem Inc
2025-12-18,Jennifer Johnson,Franklin Resources,4,19,2,25,8.0,,Jennifer Johnson Franklin Resources
2025-12-18,Vincent Sorgi,PPL Corporation,12,13,0,25,0.0,,Vincent Sorgi PPL Corporation
2025-12-18,Carl Eschenbach,Workday,6,13,6,25,24.0,,Carl Eschenbach Workday
2025-12-18,Richard Tobin,Dover Corporation,2,22,1,25,4.0,,Richard Tobin Dover Corporation
2025-12-18,Mark Kowlzan,Packaging Corp of America,6,14,5,25,20.0,,Mark Kowlzan Packaging Corp of America
2025-12-18,Scott Salmirs,ABM Industries,9,13,3,25,12.0,,Scott Salmirs ABM Industries
2025-12-18,Gary Guthart,Intuitive Surgical,6,16,3,25,12.0,,Gary Guthart Intuitive Surgical
2025-12-18,Carl Lindner lll,American Financial Group,4,12,9,25,36.0,,Carl Lindner lll American Financial Group
2025-12-18,Blake Moret,Rockwell Automation,8,16,1,25,4.0,,Blake Moret Rockwell Automation
2025-12-18,Bryan Hanson,Solventum,7,15,3,25,12.0,,Bryan Hanson Solventum
2025-12-18,Craig Smiddy,Old Republic International,1,10,0,11,0.0,,Craig Smiddy Old Republic International
2025-12-18,Christopher Hilger,Securian Financial,3,13,1,17,5.9,,Christopher Hilger Securian Financial
2025-12-18,Hamid Moghadam,Prologis,0,20,5,25,20.0,,Hamid Moghadam Prologis
2025-12-18,Mark Smucker,JM Smucker,7,14,4,25,16.0,,Mark Smucker JM Smucker
2025-12-18,Sheryl Palmer,Taylor Morrison Home,8,13,4,25,16.0,,Sheryl Palmer Taylor Morrison Home
2025-12-18,Mario Harik,XPO,5,18,2,25,8.0,,Mario Harik XPO
2025-12-18,Heather Lavallee,Voya Financial,5,14,1,20,5.0,,Heather Lavallee Voya Financial
2025-12-18,Nikesh Arora,Palo Alto Networks,7,10,8,25,32.0,,Nikesh Arora Palo Alto Networks
2025-12-18,Giordano Albertazzi,Vertiv,11,14,0,25,0.0,,Giordano Albertazzi Vertiv
2025-12-18,Shankh Mitra,Welltower,10,13,2,25,8.0,,Shankh Mitra Welltower
2025-12-18,Mary Dillon,Foot Locker,5,17,3,25,12.0,,Mary Dillon Foot Locker
2025-12-18,William Monteleone,Par Pacific,4,4,0,8,0.0,,William Monteleone Par Pacific
2025-12-18,Kevin Stein,TransDigm,10,13,2,25,8.0,,Kevin Stein TransDigm
2025-12-18,Peter Matt,Commercial Metals,8,14,3,25,12.0,,Peter Matt Commercial Metals
2025-12-18,Rob Vitale,Post Holdings,2,15,8,25,32.0,,Rob Vitale Post Holdings
2025-12-18,Keith Allman,Masco,8,17,0,25,0.0,,Keith Allman Masco
2025-12-18,Rusty Rush,Rush Enterprises,8,14,3,25,12.0,,Rusty Rush Rush Enterprises
2025-12-18,Stuart Bradie,KBR,9,15,1,25,4.0,,Stuart Bradie KBR
2025-12-18,Jack Sinclair,Sprouts Farmers Market,10,14,1,25,4.0,,Jack Sinclair Sprouts Farmers Market
2025-12-18,Laura Alber,Williams-Sonoma,6,16,3,25,12.0,,Laura Alber Williams-Sonoma
2025-12-18,Ivan Tornos,Zimmer Biomet,5,17,3,25,12.0,,Ivan Tornos Zimmer Biomet
2025-12-18,John Mengucci,CACI International,13,12,0,25,0.0,,John Mengucci CACI International
2025-12-18,Steve Sanghi,Microchip Technology,7,16,2,25,8.0,,Steve Sanghi Microchip Technology
2025-12-18,Albert Nahmad,Watsco,7,16,2,25,8.0,,Albert Nahmad Watsco
2025-12-18,Christopher Peterson,Newell Brands,5,16,4,25,16.0,,Christopher Peterson Newell Brands
2025-12-18,Arie Kotler,ARKO,5,19,1,25,4.0,,Arie Kotler ARKO
2025-12-18,Jure Sola,Sanmina,4,17,0,21,0.0,,Jure Sola Sanmina
2025-12-18,Andrew Wilson,Electronic Arts,9,13,3,25,12.0,,Andrew Wilson Electronic Arts
2025-12-18,David Gibbs,Yum Brands,2,23,0,25,0.0,,David Gibbs Yum Brands
2025-12-18,Daniel Florness,Fastenal,9,16,0,25,0.0,,Daniel Florness Fastenal
2025-12-18,Garrick Rochow,CMS Energy,19,4,2,25,8.0,,Garrick Rochow CMS Energy
2025-12-18,Hilton Schlosberg,Monster Beverage,10,13,2,25,8.0,,Hilton Schlosberg Monster Beverage
2025-12-18,Mark Shapiro,Endeavor Group Holdings,0,21,4,25,16.0,,Mark Shapiro Endeavor Group Holdings
2025-12-18,Toni Townes-Whitley,Science Applications International,6,17,2,25,8.0,,Toni Townes-Whitley Science Applications International
2025-12-18,Mark Witkowski,Core & Main,2,20,2,24,8.3,,Mark Witkowski Core & Main
2025-12-18,John Plant,Howmet Aerospace,9,14,2,25,8.0,,John Plant Howmet Aerospace
2025-12-18,James Zallie,Ingredion,6,19,0,25,0.0,,James Zallie Ingredion
2025-12-18,Thomas Hill,Vulcan Materials,11,13,1,25,4.0,,Thomas Hill Vulcan Materials
2025-12-18,Donald Zurbay,Patterson Companies Inc,0,4,3,7,42.9,,Donald Zurbay Patterson Companies Inc
2025-12-18,Anthony Smurfit,Smurfit Westrock,6,12,7,25,28.0,,Anthony Smurfit Smurfit Westrock
2025-12-18,Richard P Dealy,Pioneer Natural Resources,4,4,0,8,0.0,,Richard P Dealy Pioneer Natural Resources
2025-12-18,Derek Chang,Liberty Media,23,2,0,25,0.0,,Derek Chang Liberty Media
2025-12-18,Timothy J Donahue,Crown Holdings,7,16,2,25,8.0,,Timothy J Donahue Crown Holdings
2025-12-18,R Bruce McDonald,Dana Incorporated,7,17,1,25,4.0,,R Bruce McDonald Dana Incorporated
2025-12-18,J Kent Masters,Albemarle Corporation,2,10,8,20,40.0,,J Kent Masters Albemarle Corporation
2025-12-18,Malcolm C Roberts,FM Global,3,15,4,22,18.2,,Malcolm C Roberts FM Global
2025-12-18,Mike Speetzen,Polaris Inc,2,17,6,25,24.0,,Mike Speetzen Polaris Inc
2025-12-18,Bob Flexon,UGI Utilities Inc,2,6,2,10,20.0,,Bob Flexon UGI Utilities Inc
2025-12-18,Robert D Lawler,Continental Resources,0,2,0,2,0.0,,Robert D Lawler Continental Resources
2025-12-18,Domenic Dell’Osso Jr,Expand Energy Corporation,9,0,0,9,0.0,,Domenic Dell’Osso Jr Expand Energy Corporation
2025-12-18,H Michael Krimbill,NGL Energy Partners,6,2,1,9,11.1,,H Michael Krimbill NGL Energy Partners
2025-12-18,Hassane El-Khoury,ON Semiconductor,3,15,7,25,28.0,,Hassane El-Khoury ON Semiconductor
2025-12-18,Joseph M Otting,Flagstar Financial,5,8,3,16,18.8,,Joseph M Otting Flagstar Financial
2025-12-18,Gerry P Smith,ODP Business Solutions,3,6,2,11,18.2,,Gerry P Smith ODP Business Solutions
2025-12-18,Devin Stockfish,Weyerhaeuser,12,12,1,25,4.0,,Devin Stockfish Weyerhaeuser
2025-12-18,Thomas J McInerney,Genworth Financial,3,7,2,12,16.7,,Thomas J McInerney Genworth Financial
2025-12-18,Daniel Heaf,Bath & Body Works,7,11,7,25,28.0,,Daniel Heaf Bath & Body Works
2025-12-18,Linda Rendle,Clorox,4,16,5,25,20.0,,Linda Rendle Clorox
2025-12-18,Frank C Sullivan,RPM International,5,18,2,25,8.0,,Frank C Sullivan RPM International
2025-12-18,Matthew Missad,UFP Industries,15,8,0,23,0.0,,Matthew Missad UFP Industries
2025-12-18,Martin J Lyons,Ameren,0,10,2,12,16.7,,Martin J Lyons Ameren
2025-12-18,Adam W Miller,Knight Swift Transportation,4,8,2,14,14.3,,Adam W Miller Knight Swift Transportation
2025-12-18,Charles Liang,Super Micro Computer,17,5,3,25,12.0,,Charles Liang Super Micro Computer
2025-12-18,Gordon J Hardie,O-I Glass,0,5,0,5,0.0,,Gordon J Hardie O-I Glass
2025-12-18,Steve Henry,Domtar,0,11,3,14,21.4,,Steve Henry Domtar
2025-12-18,Chuck Treadway,CommScope,4,17,4,25,16.0,,Chuck Treadway CommScope
2025-12-18,Steven J Moskowitz,Crown Castle,4,8,3,15,20.0,,Steven J Moskowitz Crown Castle
2025-12-18,Emmanuel Ligner,Avantor,3,12,3,18,16.7,,Emmanuel Ligner Avantor
2025-12-18,Kaz Nejatian,Opendoor Technologies,7,13,5,25,20.0,,Kaz Nejatian Opendoor Technologies
2025-12-18,Russell Becker,APi Group,6,17,2,25,8.0,,Russell Becker APi Group
2025-12-18,Toby Rice,EQT,12,13,0,25,0.0,,Toby Rice EQT
2025-12-18,Jesse Arenivas,EnLink Midstream,6,15,0,21,0.0,,Jesse Arenivas EnLink Midstream
2025-12-18,Steven Bandrowczak,Xerox,3,20,2,25,8.0,,Steven Bandrowczak Xerox
2025-12-18,Vicente Reynal,Ingersoll Rand,8,17,0,25,0.0,,Vicente Reynal Ingersoll Rand
2025-12-18,William T Dillard II,Dillards,11,11,3,25,12.0,,William T Dillard II Dillards
2025-12-18,C Howard Nye,Martin Marietta Materials,3,5,3,11,27.3,,C Howard Nye Martin Marietta Materials
2025-12-18,Stephane Bancel,Moderna,6,9,10,25,40.0,,Stephane Bancel Moderna
2025-12-18,Nate R Jorgensen,Boise Cascade,1,0,0,1,0.0,,Nate R Jorgensen Boise Cascade
2025-12-18,Padraig McDonnell,Agilent Technologies,11,14,0,25,0.0,,Padraig McDonnell Agilent Technologies
2025-12-18,Kenneth T Lane,Olin Corporation,1,3,0,4,0.0,,Kenneth T Lane Olin Corporation
2025-12-18,Randall C Stuewe,Darling Ingredients,25,0,0,25,0.0,,Randall C Stuewe Darling Ingredients
2025-12-18,R Howard Coker,Sonoco Products,3,8,2,13,15.4,,R Howard Coker Sonoco Products
2025-12-18,Lee M Tillman,Marathon Oil,1,15,3,19,15.8,,Lee M Tillman Marathon Oil
2025-12-18,Mark Hoplamazian,Hyatt Hotels,5,19,1,25,4.0,,Mark Hoplamazian Hyatt Hotels
2025-12-18,David S Chernow,Select Medical Holdings,0,9,0,9,0.0,,David S Chernow Select Medical Holdings
2025-12-18,Brendan M Foley,McCormick & Company,6,19,0,25,0.0,,Brendan M Foley McCormick & Company
2025-12-18,Joanne Crevoiserat,Tapestry,13,11,1,25,4.0,,Joanne Crevoiserat Tapestry
2025-12-18,W Anthony Will,CF Industries,5,20,0,25,0.0,,W Anthony Will CF Industries
2025-12-18,David A Zapico,Ametek,5,19,1,25,4.0,,David A Zapico Ametek
2025-12-18,Craig Billings,Wynn Resorts,4,20,1,25,4.0,,Craig Billings Wynn Resorts
2025-12-18,Giel Rutten,Amkor Technology,3,21,1,25,4.0,,Giel Rutten Amkor Technology
2025-12-18,Paul Sarvadi,Insperity,4,21,0,25,0.0,,Paul Sarvadi Insperity
2025-12-18,Rob Sharps,T Rowe Price,8,13,4,25,16.0,,Rob Sharps T Rowe Price
2025-12-18,Patrice Louvet,Ralph Lauren,6,14,5,25,20.0,,Patrice Louvet Ralph Lauren
2025-12-18,Jeffrey Mezger,KB Home,4,14,7,25,28.0,,Jeffrey Mezger KB Home
2025-12-18,David M Foulkes,Brunswick Corporation,3,16,0,19,0.0,,David M Foulkes Brunswick Corporation
2025-12-18,M Keith Waddell,Robert Half,11,13,1,25,4.0,,M Keith Waddell Robert Half
2025-12-18,Jay Snowden,PENN Entertainment,16,8,1,25,4.0,,Jay Snowden PENN Entertainment
2025-12-18,George Kurian,NetApp,11,11,3,25,12.0,,George Kurian NetApp
2025-12-18,Joseph Morrissey,Organon,1,5,5,11,45.5,,Joseph Morrissey Organon
2025-12-18,Joel D Anderson,Petco Health and Wellness,5,10,1,16,6.2,,Joel D Anderson Petco Health and Wellness
2025-12-18,Louis V Pinkham,Regal Rexnord,1,12,0,13,0.0,,Louis V Pinkham Regal Rexnord
2025-12-18,Jay Geldmacher,Resideo Technologies,14,11,0,25,0.0,,Jay Geldmacher Resideo Technologies
2025-12-18,Marcus Lemonis,Camping World,2,18,5,25,20.0,,Marcus Lemonis Camping World
2025-12-18,Peter R Huntsman,Huntsman Corporation,5,14,6,25,24.0,,Peter R Huntsman Huntsman
2025-12-18,Hillary Super,Victorias Secret,9,8,8,25,32.0,,Hillary Super Victorias Secret
2025-12-18,Michelle Gass,Levi Strauss,8,17,0,25,0.0,,Michelle Gass Levi Strauss
2025-12-18,Neil Hunn,Roper Technologies,6,19,0,25,0.0,,Neil Hunn Roper Technologies
2025-12-18,Steven P Lawrence,Academy Sports and Outdoors,3,6,2,11,18.2,,Steven P Lawrence Academy Sports and Outdoors
2025-12-18,Phillippe Lord,Meritage Homes,13,10,2,25,8.0,,Phillippe Lord Meritage Homes
2025-12-18,David C Dauch,American Axle & Manufacturing,7,16,2,25,8.0,,David C Dauch American Axle & Manufacturing
2025-12-18,Olumide Soroye,Fortive,1,7,1,9,11.1,,Olumide Soroye Fortive
2025-12-18,Adena Friedman,Nasdaq Inc,11,14,0,25,0.0,,Adena Friedman Nasdaq Inc
2025-12-18,Tim Gokey,Broadridge Financial Solutions,5,19,1,25,4.0,,Tim Gokey Broadridge Financial Solutions
2025-12-18,Patrick M Shanahan,Spirit AeroSystems,2,16,1,19,5.3,,Patrick M Shanahan Spirit AeroSystems
2025-12-18,Robert Kyncl,Warner Music Group,10,13,2,25,8.0,,Robert Kyncl Warner Music Group
2025-12-18,Denise Dignam,Chemours,6,18,1,25,4.0,,Denise Dignam Chemours
2025-12-18,Jim DeVries,ADT,8,13,2,23,8.7,,Jim DeVries ADT
2025-12-18,Bernard Zovighian,Edwards Lifesciences,7,12,2,21,9.5,,Bernard Zovighian Edwards Lifesciences
2025-12-18,Mark E Seaton,First American Financial,3,18,1,22,4.5,,Mark E Seaton First American Financial
2025-12-18,John C Roche,Hanover Insurance Group,6,12,1,19,5.3,,John C Roche Hanover Insurance Group
2025-12-18,Adam J Greenlee,Silgan,3,6,1,10,10.0,,Adam J Greenlee Silgan
2025-12-18,Jayne Hrdlicka,Endeavor Group,3,19,3,25,12.0,,Jayne Hrdlicka Endeavor Group
2025-12-18,Robert Fauber,Moodys Corporation,6,14,5,25,20.0,,Robert Fauber Moodys Corporation
2025-12-18,Thomas E Jorden,Coterra Energy,12,0,0,12,0.0,,Thomas E Jorden Coterra Energy
2025-12-18,Eugene A Hall,Gartner,6,17,2,25,8.0,,Eugene A Hall Gartner
2025-12-18,Kevin Plank,Under Armour,4,18,3,25,12.0,,Kevin Plank Under Armour
2025-12-18,James W Lanning,Ingles Markets,3,6,0,9,0.0,,James W Lanning Ingles Markets
2025-12-18,Matthew T Farrell,Church & Dwight,12,13,0,25,0.0,,Matthew T Farrell Church & Dwight
2025-12-18,Kevin M Freeman,Old Dominion Freight Line,1,7,0,8,0.0,,Kevin M Freeman Old Dominion Freight Line
2025-12-18,Joe Shoen,U-Haul,5,15,5,25,20.0,,Joe Shoen U-Haul
2025-12-18,Jayshree Ullal,Arista Networks,12,12,1,25,4.0,,Jayshree Ullal Arista Networks
2025-12-18,Sassine Ghazi,Synopsys,5,18,2,25,8.0,,Sassine Ghazi Synopsys
2025-12-18,Jochen Zeitz,Harley-Davidson,2,19,4,25,16.0,,Jochen Zeitz Harley-Davidson
2025-12-18,Nick Jeffery,Frontier Communications,4,19,2,25,8.0,,Nick Jeffery Frontier Communications
2025-12-18,Thomas Edward McCormick,Primoris Services,2,3,0,5,0.0,,Thomas Edward McCormick Primoris Services
2025-12-18,D Christian Koch,Carlisle Companies,5,16,3,24,12.5,,D Christian Koch Carlisle Companies
2025-12-18,David E Simon,Simon Property Group,6,15,4,25,16.0,,David E Simon Simon Property Group
2025-12-18,Stephen Bratspies,Hanesbrands,5,18,2,25,8.0,,Stephen Bratspies Hanesbrands
2025-12-18,Ryan M. Schneider,Anywhere Real Estate Inc,4,19,2,25,8.0,,Ryan M. Schneider Anywhere Real Estate Inc
2025-12-18,George Bobb III,Teledyne Technologies,0,16,0,16,0.0,,George Bobb III Teledyne Technologies
2025-12-18,Terrence A Duffy,CME Group,9,16,0,25,0.0,,Terrence A Duffy CME Group
2025-12-18,Rami Rahim,Juniper Networks,4,20,1,25,4.0,,Rami Rahim Juniper Networks
2025-12-18,Sue Nabi,Coty,5,17,3,25,12.0,,Sue Nabi Coty
2025-12-18,Peter D Arvan,Pool Corporation,3,12,2,17,11.8,,Peter D Arvan Pool Corporation
2025-12-18,David Campbell,Evergy,13,8,4,25,16.0,,David Campbell Evergy
2025-12-18,Matthew J Murphy,Marvell Technology,4,11,2,17,11.8,,Matthew J Murphy Marvell Technology
2025-12-18,Lloyd Yates,NiSource,13,12,0,25,0.0,,Lloyd Yates NiSource
2025-12-18,William C Stone,SS&C Technologies,7,13,5,25,20.0,,William C Stone SS&C Technologies
2025-12-18,Mark Rourke,Schneider National,6,19,0,25,0.0,,Mark Rourke Schneider National
2025-12-18,Andrew Anagnost,Autodesk,7,14,4,25,16.0,,Andrew Anagnost Autodesk
2025-12-18,Dustin Semach,Sealed Air Corporation,2,21,2,25,8.0,,Dustin Semach Sealed Air Corporation
2025-12-18,William L Meaney,Iron Mountain,4,17,3,24,12.5,,William L Meaney Iron Mountain
2025-12-18,Andy P Power,Digital Realty Trust,3,5,0,8,0.0,,Andy P Power Digital Realty Trust
2025-12-18,Satish Dhanasekaran,Keysight Technologies,7,15,0,22,0.0,,Satish Dhanasekaran Keysight Technologies
2025-12-18,Frank M Svoboda,Globe Life,4,5,4,13,30.8,,Frank M Svoboda Globe Life
2025-12-18,Carey A Smith,Parsons Corporation,8,14,3,25,12.0,,Carey A Smith Parsons Corporation
2025-12-18,Ynon Kreiz,Mattel,3,16,6,25,24.0,,Ynon Kreiz Mattel
2025-12-18,Karen S Haller,Southwest Gas Holdings,3,10,0,13,0.0,,Karen S Haller Southwest Gas Holdings
2025-12-18,Terrance Williams,TruStage,9,8,1,18,5.6,,Terrance Williams TruStage
2025-12-18,Eric W Gerstenberg,Clean Harbors,4,3,1,8,12.5,,Eric W Gerstenberg Clean Harbors
2025-12-18,Gunner Smith,Cornerstone Building Brands,2,10,1,13,7.7,,Gunner Smith Cornerstone Building Brands
2025-12-18,Gerben W Bakker,Hubbell,1,4,1,6,16.7,,Gerben W Bakker Hubbell
2025-12-18,Dave Davis,Spirit Airlines,11,12,2,25,8.0,,Dave Davis Spirit Airlines
2025-12-18,Michael J Smith,Lamb Weston,1,15,9,25,36.0,,Michael J Smith Lamb Weston
2025-12-18,Strauss Zelnick,Take-Two Interactive Software,9,13,3,25,12.0,,Strauss Zelnick Take-Two Interactive Software
2025-12-18,John C Turner Jr,GMS,6,18,1,25,4.0,,John C Turner Jr GMS
2025-12-18,David M O'Malley,Penn Mutual Life Insurance,2,5,1,8,12.5,,David M O'Malley Penn Mutual Life Insurance
2025-12-18,Frank A Lonegro,Landstar System,3,8,1,12,8.3,,Frank A Lonegro Landstar System
2025-12-18,James F Risoleo,Host Hotels & Resorts,7,14,1,22,4.5,,James F Risoleo Host Hotels & Resorts
2025-12-18,Ken Xie,Fortinet,11,10,4,25,16.0,,Ken Xie Fortinet
2025-12-18,Doug Shulman,OneMain,1,8,0,9,0.0,,Doug Shulman OneMain
2025-12-18,Ryan Cohen,GameStop,8,11,6,25,24.0,,Ryan Cohen GameStop
2025-12-18,Mark W Begor,Equifax,3,22,0,25,0.0,,Mark W Begor Equifax
2025-12-18,Jay L Schottenstein,American Eagle Outfitters,8,15,2,25,8.0,,Jay L Schottenstein American Eagle Outfitters
2025-12-18,Ole Rosgaard,Greif,6,17,2,25,8.0,,Ole Rosgaard Greif
2025-12-18,Brian E Lane,Comfort Systems USA,23,1,0,24,0.0,,Brian E Lane Comfort Systems USA
2025-12-18,Robert M Buck,TopBuild,2,6,0,8,0.0,,Robert M Buck TopBuild
2025-12-18,Ralph Andretta,Bread Financial,3,12,0,15,0.0,,Ralph Andretta Bread Financial
2025-12-18,Jim Anderson,Coherent,2,21,2,25,8.0,,Jim Anderson Coherent
2025-12-18,Walter C. D. Carlson,Telephone & Data Systems,1,12,1,14,7.1,,Walter C. D. Carlson Telephone & Data Systems
2025-12-18,Ronald Kruszewski,Stifel Financial,9,14,2,25,8.0,,Ronald Kruszewski Stifel Financial
2025-12-18,Richard Hayne,Urban Outfitters,9,13,3,25,12.0,,Richard Hayne Urban Outfitters
2025-12-18,Simon Meester,Terex,3,20,2,25,8.0,,Simon Meester Terex
2025-12-18,Edward J Lehner,Ryerson Holding,0,2,0,2,0.0,,Edward J Lehner Ryerson Holding
2025-12-18,Nicholas T Pinchuk,Snap-on,3,6,3,12,25.0,,Nicholas T Pinchuk Snap-on
2025-12-18,Ryals McMullian,Flowers Foods,3,19,3,25,12.0,,Ryals McMullian Flowers Foods
2025-12-18,D Bryan Jordan,First Horizon,6,16,3,25,12.0,,D Bryan Jordan First Horizon
2025-12-18,John B Gibson,Paychex,2,7,1,10,10.0,,John B Gibson Paychex
2025-12-18,Chris Cocks,Hasbro,11,10,4,25,16.0,,Chris Cocks Hasbro
2025-12-18,Pete McPartland,Sentry Insurance Group,7,10,0,17,0.0,,Pete McPartland Sentry Insurance Group
2025-12-18,Michael Arougheti,Ares Management,10,13,2,25,8.0,,Michael Arougheti Ares Management
2025-12-18,Alok Maskara,Lennox International,13,7,1,21,4.8,,Alok Maskara Lennox International
2025-12-18,James C Grech,Peabody Energy,2,1,1,4,25.0,,James C Grech Peabody Energy
2025-12-18,C Thomas Evans Jr,Kemper Corporation,4,18,3,25,12.0,,C Thomas Evans Jr Kemper Corporation
2025-12-18,Perry A Sook,Nexstar Media Group,6,18,1,25,4.0,,Perry A Sook Nexstar Media Group
2025-12-18,Daniel Alegre,TelevisaUnivision,6,14,5,25,20.0,,Daniel Alegre TelevisaUnivision
2025-12-18,Scott L Thompson,Tempur Sealy International,0,9,0,9,0.0,,Scott L Thompson Tempur Sealy International
2025-12-18,Mike Simonds,TriNet Group,5,19,1,25,4.0,,Mike Simonds TriNet Group
2025-12-18,B Andrew Rose,Worthington Enterprises,1,12,0,13,0.0,,B Andrew Rose Worthington Enterprises
2025-12-18,Bruce L Caswell,Maximus,3,7,0,10,0.0,,Bruce L Caswell Maximus
2025-12-18,Robert L Reffkin,Compass Group,1,7,3,11,27.3,,Robert L Reffkin Compass Group
2025-12-18,Mark Eubanks,Brinks Company,8,10,4,22,18.2,,Mark Eubanks Brinks Company
2025-12-18,Peter Quigley,Kelly Services Inc,8,16,1,25,4.0,,Peter Quigley Kelly Services Inc
2025-12-18,David L Yowan,Navient,1,3,0,4,0.0,,David L Yowan Navient
2025-12-18,Mary E Kipp,Puget Sound Energy,7,3,1,11,9.1,,Mary E Kipp Puget Sound Energy
2025-12-18,Adam Aron,AMC Entertainment,8,13,4,25,16.0,,Adam Aron AMC Entertainment
2025-12-18,Mark J Tarr,Encompass Health,2,7,2,11,18.2,,Mark J Tarr Encompass Health
2025-12-18,Liam K Griffin,Skyworks Solutions,2,6,2,10,20.0,,Liam K Griffin Skyworks Solutions
2025-12-18,Richard G Kyle,Timken,3,21,1,25,4.0,,Richard G Kyle Timken
2025-12-18,Ron Gusek,Liberty Energy,24,0,1,25,4.0,,Ron Gusek Liberty Energy
2025-12-18,John E Geller Jr,Marriott Vacations Worldwide,4,9,2,15,13.3,,John E Geller Jr Marriott Vacations Worldwide
2025-12-18,Karl G. Glassman,Leggett & Platt,1,5,2,8,25.0,,Karl G. Glassman Leggett & Platt
2025-12-18,Jonathan H Weis,Weis Markets,4,21,0,25,0.0,,Jonathan H Weis Weis Markets
2025-12-18,Jeffrey B Guldner,Pinnacle West Capital,3,5,1,9,11.1,,Jeffrey B Guldner Pinnacle West Capital
2025-12-18,Arkadiy Dobkin,EPAM Systems,6,17,2,25,8.0,,Arkadiy Dobkin EPAM Systems
2025-12-18,Paul M Rady,Antero Resources,5,7,0,12,0.0,,Paul M Rady Antero Resources
2025-12-18,Michael Spanos,Bloomin Brands,2,22,1,25,4.0,,Michael Spanos Bloomin Brands
2025-12-18,Nicole A Kivisto,MDU Resources Group,9,15,1,25,4.0,,Nicole A Kivisto MDU Resources Group
2025-12-18,Gerald L Morgan,Texas Roadhouse,5,7,6,18,33.3,,Gerald L Morgan Texas Roadhouse
2025-12-18,Gabriel Tirador,Mercury General,4,9,0,13,0.0,,Gabriel Tirador Mercury General
2025-12-18,Nicholas I Fink,Fortune Brands Innovations,2,22,1,25,4.0,,Nicholas I Fink Fortune Brands Innovations
2025-12-18,Paul E Burdiss,Zions Bancorp,1,5,0,6,0.0,,Paul E Burdiss Zions Bancorp
2025-12-18,William J Christensen,JELD-WEN Holding,2,11,1,14,7.1,,William J Christensen JELD-WEN Holding
2025-12-18,Evan Spiegel,Snap Inc,7,13,5,25,20.0,,Evan Spiegel Snap Inc
2025-12-18,Bill Burns,Zebra Technologies,3,21,1,25,4.0,,Bill Burns Zebra Technologies
2025-12-18,Steven Sell,Agilon Health,3,9,6,18,33.3,,Steven Sell Agilon Health
2025-12-18,Richard M Olson,Toro Company,1,19,5,25,20.0,,Richard M Olson Toro Company
2025-12-18,Eric S Yuan,Zoom Video Communications,8,14,3,25,12.0,,Eric S Yuan Zoom Video Communications
2025-12-18,Dan L Batrack,Tetra Tech,5,4,1,10,10.0,,Dan L Batrack Tetra Tech
2025-12-18,Joseph D Russell Jr,Public Storage,0,7,2,9,22.2,,Joseph D Russell Jr Public Storage
2025-12-18,Jacob Thaysen,Illumina Inc,7,14,4,25,16.0,,Jacob Thaysen Illumina Inc
2025-12-18,Debra A Cafaro,Ventas Inc,15,10,0,25,0.0,,Debra A Cafaro Ventas Inc
2025-12-18,Pierre R Brondeau,FMC Corporation,2,8,2,12,16.7,,Pierre R Brondeau FMC Corporation
2025-12-18,Judy R McReynolds,ArcBest,5,18,2,25,8.0,,Judy R McReynolds ArcBest
2025-12-18,Russell J Weiner,Dominos Pizza Inc,10,12,3,25,12.0,,Russell J Weiner Dominos Pizza Inc
2025-12-18,Theodore S Hanson,ASGN,2,7,0,9,0.0,,Theodore S Hanson ASGN
2025-12-18,RJ Scaringe,Rivian Automotive,6,13,6,25,24.0,,RJ Scaringe Rivian Automotive
2025-12-18,Jeffrey N Simmons,Elanco Animal Health,13,9,3,25,12.0,,Jeffrey N Simmons Elanco Animal Health
2025-12-18,Tim O Shaughnessy,Graham Holdings Company,2,22,1,25,4.0,,Tim O Shaughnessy Graham Holdings Company
2025-12-18,Thomas V Taylor,Floor & Decor,1,5,3,9,33.3,,Thomas V Taylor Floor & Decor
2025-12-18,Neil A Schrimsher,Applied Industrial Technologies,4,12,0,16,0.0,,Neil A Schrimsher Applied Industrial Technologies
2025-12-18,Robert E Price,PriceSmart,2,9,0,11,0.0,,Robert E Price PriceSmart
2025-12-18,John David Risher,Lyft,8,14,3,25,12.0,,John David Risher Lyft
2025-12-18,Gary B Smith,Ciena,11,14,0,25,0.0,,Gary B Smith Ciena
2025-12-18,Barry Diller,IAC,8,16,1,25,4.0,,Barry Diller IAC
2025-12-18,Jim Jacobs,Country Financial,9,14,2,25,8.0,,Jim Jacobs Country Financial
2025-12-18,Devin B McGranahan,Western Union,5,16,0,21,0.0,,Devin B McGranahan Western Union
2025-12-18,R Scott Rowe,Flowserve,6,3,3,12,25.0,,R Scott Rowe Flowserve
2025-12-18,Kenneth A Vecchione,Western Alliance Bancorp,7,11,7,25,28.0,,Kenneth A Vecchione Western Alliance Bancorp
2025-12-18,John C Rademacher,Option Care Health,14,4,0,18,0.0,,John C Rademacher Option Care Health
2025-12-18,Doug Black,SiteOne Landscape Supply,4,20,1,25,4.0,,Doug Black SiteOne Landscape Supply
2025-12-18,Oliver G Brewer III,Topgolf Callaway Brands,0,1,0,1,0.0,,Oliver G Brewer III Topgolf Callaway Brands
2025-12-18,Glenn Sanford,eXp World,8,15,2,25,8.0,,Glenn Sanford eXp World
2025-12-18,Fran Horowitz,Abercrombie & Fitch,11,12,2,25,8.0,,Fran Horowitz Abercrombie & Fitch
2025-12-18,Kevin Akers,Atmos Energy,15,1,1,17,5.9,,Kevin Akers Atmos Energy
2025-12-18,Alessandro Maselli,Catalent,3,19,3,25,12.0,,Alessandro Maselli Catalent
2025-12-18,J Powell Brown,Brown & Brown,5,16,4,25,16.0,,J Powell Brown Brown & Brown
2025-12-18,Aman Bhutani,GoDaddy,7,16,2,25,8.0,,Aman Bhutani GoDaddy
2025-12-18,John C. Griffith,American Water Works,3,21,1,25,4.0,,John C. Griffith American Water Works
2025-12-18,John J Marchioni,Selective Insurance Group,3,12,3,18,16.7,,John J Marchioni Selective Insurance Group
2025-12-18,Lawson E Whiting,Brown-Forman,4,19,2,25,8.0,,Lawson E Whiting Brown-Forman
2025-12-18,Dave Peacock,Advantage Solutions,20,3,2,25,8.0,,Dave Peacock Advantage Solutions
2025-12-18,Mick Farrell,ResMed,8,16,1,25,4.0,,Mick Farrell ResMed
2025-12-18,Kamal Hathi,Splunk Inc,6,9,0,15,0.0,,Kamal Hathi Splunk
2025-12-18,Todd Kelsey,Plexus Corp,3,6,1,10,10.0,,Todd Kelsey Plexus Corp
2025-12-18,Phillip D Yeager,Hub Group,4,12,0,16,0.0,,Phillip D Yeager Hub Group
2025-12-18,Steven B Hedlund,Lincoln Electric,5,15,0,20,0.0,,Steven B Hedlund Lincoln Electric
2025-12-18,Timothy C Oliver,NCR Atleos,3,2,0,5,0.0,,Timothy C Oliver NCR Atleos
2025-12-18,Bruce Fleming,Calumet Inc,5,6,1,12,8.3,,Bruce Fleming Calumet Inc
2025-12-18,Daniel S. Peyovich,Dycom Industries,0,5,0,5,0.0,,Daniel S. Peyovich Dycom Industries
2025-12-18,Avner M Applbaum,Valmont Industries,0,9,0,9,0.0,,Avner M Applbaum Valmont Industries
2025-12-18,Kimberly A Fields,ATI Inc,7,18,0,25,0.0,,Kimberly A Fields ATI Inc
2025-12-18,Khozema Z Shipchandler,Twilio,2,7,2,11,18.2,,Khozema Z Shipchandler Twilio
2025-12-18,Gary C Bhojwani,CNO Financial Group,2,9,1,12,8.3,,Gary C Bhojwani CNO Financial Group
2025-12-18,William Andrew Hendricks Jr,Patterson-UTI Energy,3,2,1,6,16.7,,William Andrew Hendricks Jr Patterson-UTI Energy
2025-12-18,Kevin D Hochman,Brinker International,9,15,1,25,4.0,,Kevin D Hochman Brinker International
2025-12-18,James C Foster,Charles River Laboratories International,3,20,2,25,8.0,,James C Foster Charles River Laboratories International
2025-12-18,Rajiv K Prasad,Hyster-Yale,0,7,3,10,30.0,,Rajiv K Prasad Hyster-Yale
2025-12-18,Eric T Steigerwalt,Brighthouse Financial,4,15,3,22,13.6,,Eric T Steigerwalt Brighthouse Financial
2025-12-18,Thomas L Ryan,Service Corp International,5,14,1,20,5.0,,Thomas L Ryan Service Corp International
2025-12-18,Charles M Nifong Jr,CrossAmerica Partners,0,1,0,1,0.0,,Charles M Nifong Jr CrossAmerica Partners
2025-12-18,Anirudh Devgan,Cadence,9,15,1,25,4.0,,Anirudh Devgan Cadence
2025-12-18,Andi Owen,MillerKnoll,8,12,5,25,20.0,,Andi Owen MillerKnoll
2025-12-18,Sumit Roy,Realty Income,13,10,2,25,8.0,,Sumit Roy Realty Income
2025-12-18,Timothy John Fitzgerald,Middleby,0,0,0,0,0.0,,Timothy John Fitzgerald Middleby
2025-12-18,Robert H Schottenstein,M/I Homes,5,15,0,20,0.0,,Robert H Schottenstein M/I Homes
2025-12-18,Stephen P MacMillan,Hologic,5,10,0,15,0.0,,Stephen P MacMillan Hologic
2025-12-18,Lisa M Barton,Alliant Energy,7,0,0,7,0.0,,Lisa M Barton Alliant Energy
2025-12-18,Aaron P Jagdfeld,Generac,3,13,1,17,5.9,,Aaron P Jagdfeld Generac
2025-12-18,Erik Gershwind,MSC Industrial Direct,6,13,6,25,24.0,,Erik Gershwind MSC Industrial Direct
2025-12-18,Varun Krishna,Rocket Companies,5,17,3,25,12.0,,Varun Krishna Rocket Companies
2025-12-18,Fahmi Karam,Upbound Group,5,8,0,13,0.0,,Fahmi Karam Upbound Group
2025-12-18,NADominic Ng,East West Bancorp,0,0,0,0,0.0,,NADominic Ng East West Bancorp
2025-12-18,Mark Wang,Hilton Grand Vacations,25,0,0,25,0.0,,Mark Wang Hilton Grand Vacations
2025-12-18,Jason Potter,Grocery Outlet Holding,9,14,1,24,4.2,,Jason Potter Grocery Outlet Holding
2025-12-18,Simon D Campion,Dentsply Sirona,0,10,0,10,0.0,,Simon D Campion Dentsply Sirona
2025-12-18,Jeremy Wensinger,v2x Inc,8,9,0,17,0.0,,Jeremy Wensinger V2X
2025-12-18,Andrew Rees,Crocs,9,12,4,25,16.0,,Andrew Rees Crocs
2025-12-18,David M Maura,Spectrum Brands,6,5,2,13,15.4,,David M Maura Spectrum Brands
2025-12-18,Sachin S Lawande,Visteon,9,15,1,25,4.0,,Sachin S Lawande Visteon
2025-12-18,Neil M Ashe,Acuity Inc,0,7,1,8,12.5,,Neil M Ashe Acuity Inc
2025-12-18,Lorie L Tekorius,The Greenbrier Companies,0,10,1,11,9.1,,Lorie L Tekorius The Greenbrier Companies
2025-12-18,John R Ciulla,Webster Financial,9,16,0,25,0.0,,John R Ciulla Webster Financial
2025-12-18,Sean D Keohane,Cabot Corporation,3,6,1,10,10.0,,Sean D Keohane Cabot Corporation
2025-12-18,Drew M Wilkerson,RXO Inc,4,4,1,9,11.1,,Drew M Wilkerson RXO Inc
2025-12-18,Daniel E Brown,Chord Energy,1,0,0,1,0.0,,Daniel E Brown Chord Energy
2025-12-18,Javier D Ferrer Fernandez,Popular Inc,3,5,2,10,20.0,,Javier D Ferrer Fernandez Popular Inc
2025-12-18,Olivier Rabiller,Garrett Motion Inc,2,13,0,15,0.0,,Olivier Rabiller Garrett Motion Inc
2025-12-18,Ronald N Tutor,Tutor Perini Corporation,5,15,3,23,13.0,,Ronald N Tutor Tutor Perini Corporation
2025-12-18,Jeff Liaw,Copart,7,12,3,22,13.6,,Jeff Liaw Copart
2025-12-18,Aman Narang,Toast Inc,3,19,3,25,12.0,,Aman Narang Toast Inc
2025-12-18,Joseph M Hogan,Align Technology,6,15,4,25,16.0,,Joseph M Hogan Align Technology
2025-12-18,Kevin J Wheeler,A O Smith,2,23,0,25,0.0,,Kevin J Wheeler A O Smith
2025-12-18,Christopher A Cartwright,TransUnion,9,11,5,25,20.0,,Christopher A Cartwright TransUnion
2025-12-18,James Kelly,NCR Voyix,2,12,0,14,0.0,,James Kelly NCR Voyix
2025-12-18,Tom Leighton,Akamai Technologies,14,11,0,25,0.0,,Tom Leighton Akamai Technologies
2025-12-18,Robert G Painter,Trimble Inc,12,4,1,17,5.9,,Robert G Painter Trimble Inc
2025-12-18,Tony Helton,Medical Mutual of Ohio,2,7,1,10,10.0,,Tony Helton Medical Mutual of Ohio
2025-12-18,Caroline S Grace,AMN Healthcare Services,0,1,0,1,0.0,,Caroline S Grace AMN Healthcare Services
2025-12-18,Patrick Kaltenbach,Mettler-Toledo International,5,5,0,10,0.0,,Patrick Kaltenbach Mettler-Toledo International
2025-12-18,Michael L Baur,ScanSource,1,5,2,8,25.0,,Michael L Baur ScanSource
2025-12-18,Jason Lippert,LCI Industries,10,14,1,25,4.0,,Jason Lippert LCI Industries
2025-12-18,Fredric J Tomczyk,Cboe Global Markets,2,13,3,18,16.7,,Fredric J Tomczyk Cboe Global Markets
2025-12-18,Octavio Marquez,Diebold Nixdorf,9,15,1,25,4.0,,Octavio Marquez Diebold Nixdorf
2025-12-18,Sivasankaran Somasundaram,ChampionX,6,5,0,11,0.0,,Sivasankaran Somasundaram ChampionX
2025-12-18,Ronald F Clarke,Corpay,2,5,1,8,12.5,,Ronald F Clarke Corpay
2025-12-18,Robert W Pittman,iHeartMedia,8,13,2,23,8.7,,Robert W Pittman iHeartMedia
2025-12-18,Patrick Zalupski,Dream Finders Homes,12,11,2,25,8.0,,Patrick Zalupski Dream Finders Homes
2025-12-18,Keith E Smith,Boyd Gaming,5,12,1,18,5.6,,Keith E Smith Boyd Gaming
2025-12-18,Mehran Assadi,NLV Financial,1,1,0,2,0.0,,Mehran Assadi NLV Financial
2025-12-18,Barry R Port,Ensign Group,2,6,2,10,20.0,,Barry R Port Ensign Group
2025-12-18,Denise A Paulonis,Sally Beauty,21,4,0,25,0.0,,Denise A Paulonis Sally Beauty
2025-12-18,Clifford A Skelton,Conduent,1,3,1,5,20.0,,Clifford A Skelton Conduent
2025-12-18,Jean-Michel Ribieras,Sylvamo,3,9,0,12,0.0,,Jean-Michel Ribieras Sylvamo
2025-12-18,Douglas F Bauer,Tri Pointe Homes,1,10,0,11,0.0,,Douglas F Bauer Tri Pointe Homes
2025-12-18,Shawn O'Connell,EnerSys,4,5,1,10,10.0,,Shawn O'Connell EnerSys
2025-12-18,Bill Meury,Incyte,5,17,1,23,4.3,,Bill Meury Incyte
2025-12-18,Dale Francescon,Century Communities,4,19,2,25,8.0,,Dale Francescon Century Communities
2025-12-18,Michael Nierenberg,Rithm Capital,8,16,1,25,4.0,,Michael Nierenberg Rithm Capital
2025-12-18,Michael J Brown,Euronet Worldwide,3,5,1,9,11.1,,Michael J Brown Euronet Worldwide
2025-12-18,Scott Seu,Hawaiian Electric Industries,5,16,4,25,16.0,,Scott Seu Hawaiian Electric Industries
2025-12-18,Jason D Robins,DraftKings,4,16,5,25,20.0,,Jason D Robins DraftKings
2025-12-18,Jonathan J Mazelsky,IDEXX Laboratories,1,4,4,9,44.4,,Jonathan J Mazelsky IDEXX Laboratories
2025-12-18,Richard S Swartz,MYR Group,0,0,0,0,0.0,,Richard S Swartz MYR Group
2025-12-18,Stefano Caroti,Deckers Outdoor,10,12,3,25,12.0,,Stefano Caroti Deckers Outdoor
2025-12-18,Kevin R Sayer,DexCom,3,8,6,17,35.3,,Kevin R Sayer DexCom
2025-12-18,John T C Lee,MKS Instruments,7,18,0,25,0.0,,John T C Lee MKS Instruments
2025-12-18,Edward B Pitoniak,VICI Properties,2,8,0,10,0.0,,Edward B Pitoniak VICI Properties
2025-12-18,Albert White III,Cooper Cos,12,12,1,25,4.0,,Albert White III Cooper Cos
2025-12-18,Barry L Biffle,Frontier Airlines,3,15,7,25,28.0,,Barry L Biffle Frontier Airlines
2025-12-18,Robert A Bruggeworth,Qorvo,0,8,2,10,20.0,,Robert A Bruggeworth Qorvo
2025-12-18,Winnie Park,Five Below,8,16,1,25,4.0,,Winnie Park Five Below
2025-12-18,Steven Oakland,TreeHouse Foods,7,17,1,25,4.0,,Steven Oakland TreeHouse Foods
2025-12-18,James S Hagedorn,Scotts Miracle-Gro,1,6,3,10,30.0,,James S Hagedorn Scotts Miracle-Gro
2025-12-18,Michael Cannon-Brookes,Atlassian,9,13,3,25,12.0,,Michael Cannon-Brookes Atlassian
2025-12-18,Bertrand Loy,Entegris,4,17,4,25,16.0,,Bertrand Loy Entegris
2025-12-18,William E Waltz,Atkore,2,5,1,8,12.5,,William E Waltz Atkore
2025-12-18,Celeste B Mastin,HB Fuller,1,11,0,12,0.0,,Celeste B Mastin HB Fuller
2025-12-18,Kyle T Larkin,Granite Construction,2,11,0,13,0.0,,Kyle T Larkin Granite Construction
2025-12-18,Michael J Happe,Winnebago Industries,5,4,2,11,18.2,,Michael J Happe Winnebago Industries
2025-12-18,Steven H Gunby,FTI Consulting,5,15,0,20,0.0,,Steven H Gunby FTI Consulting
2025-12-18,Stephan B Tanda,AptarGroup,0,14,2,16,12.5,,Stephan B Tanda AptarGroup
2025-12-18,Timothy P Boyle,Columbia Sportswear,4,10,4,18,22.2,,Timothy P Boyle Columbia Sportswear
2025-12-18,Anthony J Wood,Roku,7,12,6,25,24.0,,Anthony J Wood Roku
2025-12-18,M Christopher Doyle,Civitas Resources,1,1,0,2,0.0,,M Christopher Doyle Civitas Resources
2025-12-18,Andy Eidson,Alpha Metallurgical Resources,3,7,9,19,47.4,,Andy Eidson Alpha Metallurgical Resources
2025-12-18,Andy L Nemeth,Patrick Industries,2,4,0,6,0.0,,Andy L Nemeth Patrick Industries
2025-12-18,Roger W Jenkins,Murphy Oil,4,17,4,25,16.0,,Roger W Jenkins Murphy Oil
2025-12-18,Kevin S Blair,Synovus Financial,3,8,0,11,0.0,,Kevin S Blair Synovus Financial
2025-12-18,Julie Felss Masino,Cracker Barrel,4,10,11,25,44.0,,Julie Felss Masino Cracker Barrel Old Country Store
2025-12-18,David M Overton,Cheesecake Factory,6,18,1,25,4.0,,David M Overton Cheesecake Factory
2025-12-18,Nick DeIuliis,CNX Resources,10,10,1,21,4.8,,Nick DeIuliis CNX Resources
2025-12-18,Christopher Pappas,Chefs Warehouse,5,18,2,25,8.0,,Christopher Pappas Chefs Warehouse
2025-12-18,Tod Carpenter,Donaldson Company,5,11,5,21,23.8,,Tod Carpenter Donaldson Company
2025-12-18,Gregory L Christopher,Mueller Industries,10,14,1,25,4.0,,Gregory L Christopher Mueller Industries
2025-12-18,Rob Saltiel,MRC Global,2,17,3,22,13.6,,Rob Saltiel MRC Global
2025-12-18,Jillian C Evanko,Chart Industries,2,8,2,12,16.7,,Jillian C Evanko Chart Industries
2025-12-18,Dave Guilmette,Alight Solutions,2,11,0,13,0.0,,Dave Guilmette Alight Solutions
2025-12-18,Joel Smejkal,Vishay Intertechnology,7,13,1,21,4.8,,Joel Smejkal Vishay Intertechnology
2025-12-18,Dennis Degner,Range Resources,3,5,0,8,0.0,,Dennis Degner Range Resources
2025-12-18,Ira D Robbins,Valley National Bancorp,4,7,2,13,15.4,,Ira D Robbins Valley National Bancorp
2025-12-18,Bernard Kim,Match Group,5,15,5,25,20.0,,Bernard Kim Match Group
2025-12-18,Vincent Pilette,Gen Digital,2,10,0,12,0.0,,Vincent Pilette Gen Digital
2025-12-18,Timothy S Crane,Wintrust Financial,0,10,0,10,0.0,,Timothy S Crane Wintrust Financial
2025-12-18,Pat Roche,Moog Inc,4,12,4,20,20.0,,Pat Roche Moog Inc
2025-12-18,Mark R Widmar,First Solar,9,10,6,25,24.0,,Mark R Widmar First Solar
2025-12-18,Niko Lahanas,Central Garden & Pet,4,11,0,15,0.0,,Niko Lahanas Central Garden & Pet
2025-12-18,Chris Osowski,Green Plains Inc,7,17,1,25,4.0,,Chris Osowski Green Plains Inc
2025-12-18,Derek J Leathers,Werner Enterprises,0,10,3,13,23.1,,Derek J Leathers Werner Enterprises
2025-12-18,Adam Foroughi,AppLovin,7,16,2,25,8.0,,Adam Foroughi AppLovin
2025-12-18,Luca Savi,ITT,1,12,0,13,0.0,,Luca Savi ITT
2025-12-18,Lawrence H Silber,Herc Rentals,2,1,0,3,0.0,,Lawrence H Silber Herc Rentals
2025-12-18,Hilton H Howell Jr,Gray Television,7,16,2,25,8.0,,Hilton H Howell Jr Gray Television
2025-12-18,Eric D Ashleman,IDEX,2,13,0,15,0.0,,Eric D Ashleman IDEX
2025-12-18,Owen D Thomas,Boston Properties,4,19,2,25,8.0,,Owen D Thomas Boston Properties
2025-12-18,Kurt Wolf,Pitney Bowes,6,18,1,25,4.0,,Kurt Wolf Pitney Bowes
2025-12-18,Jeff Lorenger,Steelcase,3,13,0,16,0.0,,Jeff Lorenger Steelcase
2025-12-18,Charles D. Young,Sun Communities,8,9,0,17,0.0,,Charles D. Young Sun Communities
2025-12-18,Suzanne Foster,AdaptHealth,6,13,4,23,17.4,,Suzanne Foster AdaptHealth
2025-12-18,Grant E Sims,Genesis Energy,8,2,0,10,0.0,,Grant E Sims Genesis Energy
2025-12-18,Laura Prieskorn,Jackson Financial,6,12,3,21,14.3,,Laura Prieskorn Jackson Financial
2025-12-18,Rick L Wessel,FirstCash,1,5,2,8,25.0,,Rick L Wessel FirstCash
2025-12-18,Sherman Miller,Cal-Maine Foods,12,13,0,25,0.0,,Sherman Miller Cal-Maine Foods
2025-12-18,Paul A Lang,Arch Resources,15,8,2,25,8.0,,Paul A Lang Arch Resources
2025-12-18,Ashish K Khandpur,Avient,1,7,1,9,11.1,,Ashish K Khandpur Avient
2025-12-18,Shyam K Reddy,BlueLinx,1,8,0,9,0.0,,Shyam K Reddy BlueLinx
2025-12-18,Christopher S Ripley,Sinclair,5,12,8,25,32.0,,Christopher S Ripley Sinclair
2025-12-18,Stacy Kymes,BOK Financial,12,6,1,19,5.3,,Stacy Kymes BOK Financial
2025-12-18,James H Walter,Permian Resources,0,3,0,3,0.0,,James H Walter Permian Resources
2025-12-18,Jason Murray,PACS Group,8,13,4,25,16.0,,Jason Murray PACS Group
2025-12-18,Brian Armstrong,Coinbase Global,4,17,4,25,16.0,,Brian Armstrong Coinbase Global
2025-12-18,Oscar K Brown,Western Midstream Partners,5,5,0,10,0.0,,Oscar K Brown Western Midstream Partners
2025-12-18,Nicholas R Lower,Federated Mutual Insurance,1,2,4,7,57.1,,Nicholas R Lower Federated Mutual Insurance
2025-12-18,Morris Goldfarb,G-III Apparel Group,7,12,6,25,24.0,,Morris Goldfarb G-III Apparel Group
2025-12-18,Mark D Morelli,Vontier,0,6,0,6,0.0,,Mark D Morelli Vontier
2025-12-18,Matthew J Cox,Matson Inc,0,10,0,10,0.0,,Matthew J Cox Matson Inc
2025-12-18,David W Grzebinski,Kirby Corporation,5,7,4,16,25.0,,David W Grzebinski Kirby Corporation
2025-12-18,Keith A Harvey,Kaiser Aluminum,1,7,2,10,20.0,,Keith A Harvey Kaiser Aluminum
2025-12-18,Eric Nyman,Vista Outdoor,2,15,1,18,5.6,,Eric Nyman Vista Outdoor
2025-12-18,Doug Howe,Designer Brands Inc,7,18,0,25,0.0,,Doug Howe Designer Brands
2025-12-18,Jerry E Gahlhoff Jr,Rollins Inc,2,3,0,5,0.0,,Jerry E Gahlhoff Jr Rollins Inc
2025-12-18,D Scott Barbour,Advanced Drainage Systems,7,4,0,11,0.0,,D Scott Barbour Advanced Drainage Systems
2025-12-18,Sean Gamble,Cinemark,11,8,6,25,24.0,,Sean Gamble Cinemark
2025-12-18,George Kurtz,CrowdStrike,8,15,2,25,8.0,,George Kurtz CrowdStrike
2025-12-18,Bill Ready,Pinterest,12,10,3,25,12.0,,Bill Ready Pinterest
2025-12-18,Fidji Simo,Instacart,8,16,1,25,4.0,,Fidji Simo Instacart
2025-12-18,Kimberly K Ryan,Hillenbrand,1,7,0,8,0.0,,Kimberly K Ryan Hillenbrand
2025-12-18,David S Graziosi,Allison Transmission,0,22,3,25,12.0,,David S Graziosi Allison Transmission
2025-12-18,Gary G Friedman,Restoration Hardware,4,15,6,25,24.0,,Gary G Friedman Restoration Hardware
2025-12-18,Lucinda M Baier,Brookdale Senior Living,4,10,2,16,12.5,,Lucinda M Baier Brookdale Senior Living
2025-12-18,Brian J Blaser,QuidelOrtho,1,7,1,9,11.1,,Brian J Blaser QuidelOrtho
2025-12-18,E Jean Savage,Trinity Industries,3,15,7,25,28.0,,E Jean Savage Trinity Industries
2025-12-18,Liam J Kelly,Teleflex,4,3,2,9,22.2,,Liam J Kelly Teleflex
2025-12-18,Laurans A Mendelson,HEICO,6,18,1,25,4.0,,Laurans A Mendelson HEICO
2025-12-18,Frank H Laukien,Bruker,1,12,0,13,0.0,,Frank H Laukien Bruker
2025-12-18,Harvey M Schwartz,Carlyle Group,5,15,5,25,20.0,,Harvey M Schwartz Carlyle Group
2025-12-18,Mark S LaVigne,Energizer Holdings,9,1,0,10,0.0,,Mark S LaVigne Energizer Holdings
2025-12-18,Amar Maletira,Rackspace Technology,2,19,4,25,16.0,,Amar Maletira Rackspace Technology
2025-12-18,Udit Batra,Waters Corporation,5,15,5,25,20.0,,Udit Batra Waters Corporation
2025-12-18,Eric M Green,West Pharmaceutical Services,9,16,0,25,0.0,,Eric M Green West Pharmaceutical Services
2025-12-18,Doug Palladini,Carters Inc,3,8,2,13,15.4,,Doug Palladini Carters Inc
2025-12-18,G Mike Mikan,NeueHealth,5,5,1,11,9.1,,G Mike Mikan NeueHealth
2025-12-18,Russell Chip Childs,SkyWest,0,7,0,7,0.0,,Russell Chip Childs SkyWest
2025-12-18,Christopher H Hunter,Acadia Healthcare,0,3,2,5,40.0,,Christopher H Hunter Acadia Healthcare
2025-12-18,Prahlad Singh,Revvity,4,7,0,11,0.0,,Prahlad Singh Revvity
2025-12-18,Maria M Pope,Portland General Electric,7,13,5,25,20.0,,Maria M Pope Portland General Electric
2025-12-18,Charles Chip Blankenship,Woodward Inc,1,8,0,9,0.0,,Charles Chip Blankenship Woodward Inc
2025-12-18,Mike Steib,TEGNA,11,12,2,25,8.0,,Mike Steib TEGNA
2025-12-18,Kurt J Ekert,Sabre Corporation,1,2,0,3,0.0,,Kurt J Ekert Sabre Corporation
2025-12-18,Matt Wilson,Light & Wonder,7,14,4,25,16.0,,Matt Wilson Light & Wonder
2025-12-18,Rob Katz,Vail Resorts,5,6,14,25,56.0,,Rob Katz Vail Resorts
2025-12-18,Schnitzer Steel Industries,Radius Recycling,0,15,10,25,40.0,,Schnitzer Steel Industries Radius Recycling
2025-12-18,David A Spector,PennyMac Financial Services,10,15,0,25,0.0,,David A Spector PennyMac Financial Services
2025-12-18,Frederick J Holzgrefe III,Saia Inc,2,7,0,9,0.0,,Frederick J Holzgrefe III Saia Inc
2025-12-18,Mark J Parrell,Equity Residential,5,6,0,11,0.0,,Mark J Parrell Equity Residential
2025-12-18,John W Lindsay,Helmerich & Payne,1,9,0,10,0.0,,John W Lindsay Helmerich & Payne
2025-12-18,Gary D Burnison,Korn Ferry,7,14,3,24,12.5,,Gary D Burnison Korn Ferry
2025-12-18,Timothy J McGrath,PC Connection Inc,0,0,0,0,0.0,,Timothy J McGrath PC Connection Inc
2025-12-18,Lynn M Bamford,Curtiss-Wright,12,12,1,25,4.0,,Lynn M Bamford Curtiss-Wright
2025-12-18,Jonathan W Witter,Sallie Mae,4,5,2,11,18.2,,Jonathan W Witter Sallie Mae
2025-12-18,Jeff Benck,Benchmark Electronics,10,15,0,25,0.0,,Jeff Benck Benchmark Electronics
2025-12-18,Charles H Giancarlo,Pure Storage,5,14,1,20,5.0,,Charles H Giancarlo Pure Storage
2025-12-18,Brian R Gray,Knife River Corporation,1,1,0,2,0.0,,Brian R Gray Knife River Corporation
2025-12-18,Jay Schmidt,Caleres Inc,4,11,2,17,11.8,,Jay Schmidt Caleres Inc
2025-12-18,Dale Asplund,BrightView Holdings,1,8,0,9,0.0,,Dale Asplund BrightView Holdings
2025-12-18,Jeffrey S Edwards,Cooper-Standard,1,10,0,11,0.0,,Jeffrey S Edwards Cooper-Standard
2025-12-18,Glenn J Williams,Primerica,6,1,2,9,22.2,,Glenn J Williams Primerica
2025-12-18,Francois Locoh-Donou,F5,10,12,3,25,12.0,,Francois Locoh-Donou F5
2025-12-18,Joseph Wm Foran,Matador Resources,10,15,0,25,0.0,,Joseph Wm Foran Matador Resources
2025-12-18,Sridhar Ramaswamy,Snowflake Inc,8,15,2,25,8.0,,Sridhar Ramaswamy Snowflake Inc
2025-12-18,Mark D Dankberg,Viasat,2,8,5,15,33.3,,Mark D Dankberg Viasat
2025-12-18,Francisco J Leon,California Resources,1,3,2,6,33.3,,Francisco J Leon California Resources
2025-12-18,Peter Stern,Peloton Interactive,10,11,4,25,16.0,,Peter Stern Peloton Interactive
2025-12-18,David Baszucki,Roblox,10,11,4,25,16.0,,David Baszucki Roblox
2025-12-18,Jeffrey W Edwards,Installed Building Products,1,5,0,6,0.0,,Jeffrey W Edwards Installed Building Products
2025-12-18,Clark Lauritzen,First National of Nebraska,1,10,0,11,0.0,,Clark Lauritzen First National of Nebraska
2025-12-18,Carlos Alberini,Guess Inc,3,20,2,25,8.0,,Carlos Alberini Guess Inc
2025-12-18,Shyam P Kambeyanda,ESAB,4,5,0,9,0.0,,Shyam P Kambeyanda ESAB
2025-12-18,Edmund Shallcross III,Amica Mutual Insurance,1,8,0,9,0.0,,Edmund Shallcross III Amica Mutual Insurance
2025-12-18,Benjamin W Schall,AvalonBay Communities,1,8,2,11,18.2,,Benjamin W Schall AvalonBay Communities
2025-12-18,Allan C Thygesen,DocuSign,7,7,2,16,12.5,,Allan C Thygesen DocuSign
2025-12-18,Bryan J Knutson,Titan Machinery,1,2,1,4,25.0,,Bryan J Knutson Titan Machinery
2025-12-18,Heath Sampson,ModivCare,9,8,4,21,19.0,,Heath Sampson ModivCare
2025-12-18,Ara K Hovnanian,Hovnanian Enterprises,5,18,2,25,8.0,,Ara K Hovnanian Hovnanian Enterprises
2025-12-18,Kruti Patel Goyal,Etsy,8,13,4,25,16.0,,Kruti Patel Goyal Etsy
2025-12-18,Kevin Roycraft,Adams Resources & Energy,9,1,0,10,0.0,,Kevin Roycraft Adams Resources & Energy
2025-12-18,J Eric Evans,Surgery Partners,0,2,0,2,0.0,,J Eric Evans Surgery Partners
2025-12-18,Clint E Stein,Columbia Banking System,3,9,0,12,0.0,,Clint E Stein Columbia Banking System
2025-12-18,Lee M Shavel,Verisk Analytics,5,15,1,21,4.8,,Lee M Shavel Verisk Analytics
2025-12-18,Dave Banyard Jr,MasterBrand,0,0,1,1,100.0,,Dave Banyard Jr MasterBrand
2025-12-18,Diana Birkett Rakow,Hawaiian Airlines Inc,2,23,0,25,0.0,,Diana Birkett Rakow Hawaiian Airlines Inc
2025-12-18,Kristin A Dolan,AMC Networks,4,16,5,25,20.0,,Kristin A Dolan AMC Networks
2025-12-18,Brendan T Cavanagh,SBA Communications,2,10,1,13,7.7,,Brendan T Cavanagh SBA Communications
2025-12-18,George F Chappelle Jr,Americold Realty Trust,4,2,0,6,0.0,,George F Chappelle Jr Americold Realty Trust
2025-12-18,Thomas E Gottwald,NewMarket Corporation,1,10,0,11,0.0,,Thomas E Gottwald NewMarket Corporation
2025-12-18,Thomas J Baltimore Jr,Park Hotels & Resorts,5,19,1,25,4.0,,Thomas J Baltimore Jr Park Hotels & Resorts
2025-12-18,Peter M Moglia,Alexandria Real Estate Equities,2,4,1,7,14.3,,Peter M Moglia Alexandria Real Estate Equities
2025-12-18,Ronald J Kramer,Griffon Corporation,2,7,0,9,0.0,,Ronald J Kramer Griffon Corporation
2025-12-18,John L Plueger,Air Lease,2,13,0,15,0.0,,John L Plueger Air Lease
2025-12-18,Jennifer F Scanlon,UL Solutions,7,3,0,10,0.0,,Jennifer F Scanlon UL Solutions
2025-12-18,Greg Smith,Teradyne,3,18,4,25,16.0,,Greg Smith Teradyne
2025-12-18,Sean Trauschke,OGE Energy,20,4,1,25,4.0,,Sean Trauschke OGE Energy
2025-12-18,Norman D Schwartz,Bio-Rad Laboratories,4,6,2,12,16.7,,Norman D Schwartz Bio-Rad Laboratories
2025-12-18,Scott Doyle,Spire Inc,6,7,2,15,13.3,,Scott Doyle Spire Inc
2025-12-18,Michael E Reed,Gannett,0,2,3,5,60.0,,Michael E Reed Gannett
2025-12-18,Cindy J Miller,Stericycle,2,7,3,12,25.0,,Cindy J Miller Stericycle
2025-12-18,Phillip D Green,Cullen Frost Bankers,4,7,4,15,26.7,,Phillip D Green Cullen Frost Bankers
2025-12-18,Joseph D Margolis,Extra Space Storage,2,8,2,12,16.7,,Joseph D Margolis Extra Space Storage
2025-12-18,Mark A Skonieczny,REV Group,1,11,2,14,14.3,,Mark A Skonieczny REV Group
2025-12-18,Ladd Wilks,ProFrac Holding,5,3,1,9,11.1,,Ladd Wilks ProFrac Holding
2025-12-18,Sundaram Nagarajan,Nordson,5,19,1,25,4.0,,Sundaram Nagarajan Nordson
2025-12-18,Anne P Noonan,Summit Materials,1,7,0,8,0.0,,Anne P Noonan Summit Materials
2025-12-18,Lori Flees,Valvoline Inc,3,9,4,16,25.0,,Lori Flees Valvoline Inc
2025-12-18,Scott H Baxter,Kontoor Brands,3,6,1,10,10.0,,Scott H Baxter Kontoor Brands
2025-12-18,Tim Larson,Skyline Champion,15,0,0,15,0.0,,Tim Larson Skyline Champion
2025-12-18,Chuck Divita,Teladoc Health,6,16,3,25,12.0,,Chuck Divita Teladoc Health
2025-12-18,W Bradley Southern,Louisiana-Pacific Corporation,4,19,0,23,0.0,,W Bradley Southern Louisiana-Pacific Corporation
2025-12-18,George C Freeman III,Universal Corporation,5,20,0,25,0.0,,George C Freeman III Universal Corporation
2025-12-18,James A Brock,Consol Energy,7,6,0,13,0.0,,James A Brock Consol Energy
2025-12-18,Robert Antokol,Playtika Holding,1,9,1,11,9.1,,Robert Antokol Playtika Holding
2025-12-18,Joe Craft,Alliance Resource Partners,10,12,3,25,12.0,,Joe Craft Alliance Resource Partners
2025-12-18,Paul Keel,Envista Holdings,4,8,1,13,7.7,,Paul Keel Envista Holdings
2025-12-18,Jared Isaacman,Shift4 Payments,3,21,1,25,4.0,,Jared Isaacman Shift4 Payments
2025-12-18,Mark Mac McFarland,Talen Energy,8,1,1,10,10.0,,Mark Mac McFarland Talen Energy
2025-12-18,Tony R Thene,Carpenter Technology,1,12,1,14,7.1,,Tony R Thene Carpenter Technology
2025-12-18,Melissa D Smith,WEX,5,9,2,16,12.5,,Melissa D Smith WEX
2025-12-18,James Jim C Ryan III,Old National Bancorp,2,5,1,8,12.5,,James Jim C Ryan III Old National Bancorp
2025-12-18,Peter J Federico,AGNC Investment,1,2,2,5,40.0,,Peter J Federico AGNC Investment
2025-12-18,Brent L Yeagy,Wabash National,0,4,1,5,20.0,,Brent L Yeagy Wabash National
2025-12-18,Henry A Fernandez,MSCI,7,15,3,25,12.0,,Henry A Fernandez MSCI
2025-12-18,Mark Penn,Stagwell,8,13,4,25,16.0,,Mark Penn Stagwell
2025-12-18,Julie Schertell,Mativ,2,15,0,17,0.0,,Julie Schertell Mativ
2025-12-18,Ashish Chand,Belden,1,7,1,9,11.1,,Ashish Chand Belden
2025-12-18,Greg Anderson,Allegiant Travel Company,9,15,1,25,4.0,,Greg Anderson Allegiant Travel Company
2025-12-18,Drew Houston,Dropbox,7,14,4,25,16.0,,Drew Houston Dropbox
2025-12-18,Kevin T Conroy,Exact Sciences,3,14,8,25,32.0,,Kevin T Conroy Exact Sciences
2025-12-18,Rex D Geveden,BWX Technologies,12,11,2,25,8.0,,Rex D Geveden BWX Technologies
2025-12-18,Scott R Wells,Clear Channel Outdoor Hldgs,5,3,0,8,0.0,,Scott R Wells Clear Channel Outdoor Hldgs
2025-12-18,Casey Wasserman,Wasserman,6,18,1,25,4.0,,Casey Wasserman
2025-12-18,Mac Cummings,Terakeet,4,6,0,10,0.0,,Mac Cummings Terakeet
2025-12-18,Todd Combs,GEICO,5,17,3,25,12.0,,Todd Combs GEICO
2025-12-18,Richard Dickson,Gap Inc,13,8,4,25,16.0,,Richard Dickson Gap Inc
