date,ceo,total,controlled,negative_serp,neutral_serp,positive_serp,company
2026-01-18,AJ Jim Teague,9,5,0,3,6,Enterprise Products Partners
2026-01-18,Aaron P Jagdfeld,8,5,0,2,6,Generac
2026-01-18,Adaire Fox-Martin,9,4,0,5,4,Equinix
2026-01-18,Adam Aron,9,6,1,2,6,AMC Entertainment
2026-01-18,Adam Foroughi,8,3,0,5,3,AppLovin
2026-01-18,Adam J Greenlee,10,3,0,6,4,Silgan
2026-01-18,Adam Norwitt,10,3,0,5,5,Amphenol
2026-01-18,Adam Schechter,9,5,0,3,6,Labcorp Holdings
2026-01-18,Adam W Miller,10,3,0,6,4,Knight Swift Transportation
2026-01-18,Adena Friedman,8,5,0,2,6,Nasdaq Inc
2026-01-18,Alan Armstrong,9,6,1,2,6,Williams Companies
2026-01-18,Alan Schnitzer,10,4,0,5,5,Travelers Insurance
2026-01-18,Albert Bourla,9,4,0,5,4,Pfizer
2026-01-18,Albert Nahmad,9,4,0,5,4,Watsco
2026-01-18,Albert White III,10,3,0,6,4,Cooper Cos
2026-01-18,Alessandro Maselli,10,5,0,4,6,Catalent
2026-01-18,Alex Chriss,8,2,1,5,2,PayPal
2026-01-18,Allan C Thygesen,10,5,0,4,6,DocuSign
2026-01-18,Alok Maskara,7,3,0,3,4,Lennox International
2026-01-18,Aman Bhutani,7,4,0,2,5,GoDaddy
2026-01-18,Aman Narang,7,3,0,3,4,Toast Inc
2026-01-18,Amar Maletira,9,3,0,5,4,Rackspace Technology
2026-01-18,Andi Owen,8,3,1,4,3,MillerKnoll
2026-01-18,Andrew Anagnost,8,3,0,5,3,Autodesk
2026-01-18,Andrew Clyde,10,4,0,5,5,Murphy USA
2026-01-18,Andrew McMahon,8,5,0,2,6,Guardian Life insurance
2026-01-18,Andrew Rees,8,4,0,2,6,Crocs
2026-01-18,Andrew Silvernail,9,6,0,2,7,International Paper
2026-01-18,Andrew Sullivan,9,4,0,5,4,Prudential Financial
2026-01-18,Andrew Teno,9,4,0,4,5,Icahn Enterprises
2026-01-18,Andrew Wilson,8,2,1,4,3,Electronic Arts
2026-01-18,Andrés Gluski,8,3,0,5,3,AES
2026-01-18,Andy Eidson,9,5,0,4,5,Alpha Metallurgical Resources
2026-01-18,Andy Jassy,8,4,1,2,5,Amazon
2026-01-18,Andy L Nemeth,10,5,0,4,6,Patrick Industries
2026-01-18,Andy P Power,10,4,0,3,7,Digital Realty Trust
2026-01-18,Anirudh Devgan,7,3,0,4,3,Cadence
2026-01-18,Anne P Noonan,10,5,0,3,7,Summit Materials
2026-01-18,Anthony Capuano,8,4,0,4,4,Marriott International
2026-01-18,Anthony Guzzi,10,3,0,5,5,EMCOR Group
2026-01-18,Anthony J Wood,9,4,0,4,5,Roku
2026-01-18,Anthony Smurfit,8,6,0,2,6,Smurfit Westrock
2026-01-18,Antonio Neri,8,4,1,2,5,Hewlett Packard Enterprise
2026-01-18,Ara K Hovnanian,9,3,1,5,3,Hovnanian Enterprises
2026-01-18,Ari Bousbib,10,5,1,4,5,IQVIA
2026-01-18,Ariane Gorin,7,3,1,3,3,Expedia
2026-01-18,Arie Kotler,10,4,0,5,5,ARKO
2026-01-18,Arkadiy Dobkin,9,4,0,3,6,EPAM Systems
2026-01-18,Arvind Krishna,8,4,0,3,5,IBM
2026-01-18,Ashish Chand,8,6,0,2,6,Belden
2026-01-18,Ashish K Khandpur,9,7,0,2,7,Avient
2026-01-18,Avigal Soreq,10,5,0,5,5,Delek US
2026-01-18,Avner M Applbaum,10,3,0,5,5,Valmont Industries
2026-01-18,B Andrew Rose,10,3,0,6,4,Worthington Enterprises
2026-01-18,Barry Diller,9,2,0,6,3,IAC
2026-01-18,Barry L Biffle,9,4,1,4,4,Frontier Airlines
2026-01-18,Barry R Port,10,4,0,6,4,Ensign Group
2026-01-18,Benito Minicucci,8,4,1,2,5,Alaska Air
2026-01-18,Benjamin Tisch,9,3,0,6,3,Loews
2026-01-18,Benjamin W Schall,8,4,1,2,5,AvalonBay Communities
2026-01-18,Bernard Kim,10,3,1,6,3,Match Group
2026-01-18,Bernard Zovighian,8,4,1,3,4,Edwards Lifesciences
2026-01-18,Bertrand Loy,10,6,0,3,7,Entegris
2026-01-18,Beth Ford,8,3,0,4,4,Land O'Lakes
2026-01-18,Bill Burns,8,4,0,4,4,Zebra Technologies
2026-01-18,Bill Meury,7,5,0,1,6,Incyte
2026-01-18,Bill Ready,9,4,1,0,8,Pinterest
2026-01-18,Bill Westrate,8,4,0,3,5,American Family Insurance
2026-01-18,Blake Moret,7,3,0,3,4,Rockwell Automation
2026-01-18,Bob Eddy,9,4,0,5,4,BJ's Wholesale Club
2026-01-18,Bob Flexon,10,5,0,5,5,UGI Utilities Inc
2026-01-18,Bob Iger,7,3,2,2,3,Disney
2026-01-18,Bob Jordan,9,2,0,7,2,Southwest Airlines
2026-01-18,Bob Michael,10,6,0,3,7,AbbVie
2026-01-18,Bob Pragada,9,5,0,4,5,Jacobs Solutions
2026-01-18,Bom Kim,8,1,1,4,3,Coupang
2026-01-18,Bracken Darrell,9,5,0,4,5,VF Corporation
2026-01-18,Brad Beckham,8,5,0,3,5,O'Reilly Automotive
2026-01-18,Brad Jacobs,9,2,1,5,3,QXO Building Products
2026-01-18,Brendan M Foley,10,5,0,5,5,McCormick & Company
2026-01-18,Brendan McCracken,9,3,0,6,3,Ovintiv
2026-01-18,Brendan T Cavanagh,10,5,0,5,5,SBA Communications
2026-01-18,Brent L Yeagy,10,4,0,5,5,Wabash National
2026-01-18,Brent Shafer,10,5,0,3,7,Baxter International
2026-01-18,Brian Armstrong,9,4,0,3,6,Coinbase Global
2026-01-18,Brian Chambers,10,6,0,4,6,Owens Corning
2026-01-18,Brian Chesky,7,5,0,1,6,Airbnb
2026-01-18,Brian Choi,10,4,0,6,4,Avis Budget
2026-01-18,Brian D Pieninck,10,3,1,6,3,GuideWell Mutual
2026-01-18,Brian Doubles,9,5,0,4,5,Synchrony Financial
2026-01-18,Brian E Lane,9,6,0,1,8,Comfort Systems USA
2026-01-18,Brian J Blaser,10,4,0,6,4,QuidelOrtho
2026-01-18,Brian Moynihan,6,3,1,2,3,Bank of America
2026-01-18,Brian Niccol,8,4,1,3,4,Starbucks
2026-01-18,Brian R Gray,10,5,0,5,5,Knife River Corporation
2026-01-18,Brian Roberts,9,4,0,5,4,Comcast
2026-01-18,Brian Tierney,8,4,0,4,4,FirstEnergy
2026-01-18,Brian Tyler,10,7,0,2,8,McKesson
2026-01-18,Bruce Bodine,8,4,0,4,4,The Mosaic Company
2026-01-18,Bruce Fleming,9,3,0,6,3,Calumet Inc
2026-01-18,Bruce L Caswell,10,5,0,4,6,Maximus
2026-01-18,Bruce Van Saun,8,4,0,3,5,Citizens Financial Group
2026-01-18,Bryan DeBoer,9,3,0,5,4,Lithia Motors
2026-01-18,Bryan Hanson,9,3,2,3,4,Solventum
2026-01-18,Bryan J Knutson,9,4,0,3,6,Titan Machinery
2026-01-18,C Howard Nye,9,4,0,4,5,Martin Marietta Materials
2026-01-18,C Thomas Evans Jr,10,3,1,6,3,Kemper Corporation
2026-01-18,Calvin G Butler Jr,9,5,0,4,5,Exelon
2026-01-18,Calvin McDonald,9,4,3,2,4,Lululemon athletica
2026-01-18,Cameron Bready,8,4,0,4,4,Global Payments
2026-01-18,Carey A Smith,9,6,0,3,6,Parsons Corporation
2026-01-18,Carl Eschenbach,8,3,0,4,4,Workday
2026-01-18,Carl Lindner lll,10,6,0,4,6,American Financial Group
2026-01-18,Carlos Abrams-Rivera,8,4,0,4,4,Kraft Heinz
2026-01-18,Carlos Alberini,10,3,0,7,3,Guess Inc
2026-01-18,Carol Tome,8,4,2,2,4,UPS
2026-01-18,Caroline S Grace,10,6,0,0,10,AMN Healthcare Services
2026-01-18,Casey Wasserman,9,2,0,7,2,Wasserman
2026-01-18,Celeste B Mastin,10,6,0,4,6,HB Fuller
2026-01-18,Charles Chip Blankenship,10,5,0,3,7,Woodward Inc
2026-01-18,Charles D. Young,9,4,0,4,5,Sun Communities
2026-01-18,Charles H Giancarlo,8,4,0,3,5,Pure Storage
2026-01-18,Charles Liang,8,4,1,3,4,Super Micro Computer
2026-01-18,Charles M Nifong Jr,10,4,0,6,4,CrossAmerica Partners
2026-01-18,Charles Magro,9,4,0,5,4,Corteva
2026-01-18,Charles Scharf,8,2,1,2,5,Wells Fargo
2026-01-18,Chris Boerner,8,3,0,5,3,Bristol-Myers Squibb
2026-01-18,Chris Cocks,8,4,1,2,5,Hasbro
2026-01-18,Chris Kempczinski,6,5,0,1,5,McDonalds
2026-01-18,Chris Kubasik,8,4,0,4,4,L3Harris Technologies
2026-01-18,Chris Osowski,10,5,0,4,6,Green Plains Inc
2026-01-18,Christian Ulbrich,9,3,0,6,3,Jones Lang LaSalle
2026-01-18,Christine Leahy,10,5,0,5,5,CDW
2026-01-18,Christophe Beck,9,3,0,4,5,Ecolab
2026-01-18,Christopher A Cartwright,9,4,0,5,4,TransUnion
2026-01-18,Christopher Caldwell,8,4,0,3,5,Concentrix
2026-01-18,Christopher Calio,8,4,1,2,5,RTX
2026-01-18,Christopher Gorman,7,3,2,2,3,KeyCorp
2026-01-18,Christopher H Hunter,9,5,2,2,5,Acadia Healthcare
2026-01-18,Christopher Hilger,10,6,0,4,6,Securian Financial
2026-01-18,Christopher Kastner,10,4,0,5,5,Huntington Ingalls Industries
2026-01-18,Christopher Nassetta,8,5,0,3,5,Hilton Worldwide
2026-01-18,Christopher O'Herlihy,10,6,0,4,6,Illinois Tool Works
2026-01-18,Christopher Pappas,9,5,0,2,7,Chefs Warehouse
2026-01-18,Christopher Peterson,8,5,0,2,6,Newell Brands
2026-01-18,Christopher S Ripley,9,2,1,6,2,Sinclair
2026-01-18,Christopher Swift,10,6,0,0,10,The Hartford Insurance Group
2026-01-18,Christopher Viehbacher,7,3,1,3,3,Biogen
2026-01-18,Christopher Winfrey,10,2,2,6,2,Charter Communications
2026-01-18,Christopher Womack,9,5,0,4,5,Southern Company
2026-01-18,Chuck Divita,9,3,0,5,4,Teladoc Health
2026-01-18,Chuck Robbins,8,6,0,2,6,Cisco Systems
2026-01-18,Chuck Treadway,10,5,2,3,5,CommScope
2026-01-18,Cindy J Miller,9,6,0,3,6,Stericycle
2026-01-18,Clark Lauritzen,10,3,1,6,3,First National of Nebraska
2026-01-18,Clay Gaspar,10,4,0,2,8,Devon Energy
2026-01-18,Clay Magouyrk,7,5,0,2,5,Oracle
2026-01-18,Clay Williams,10,5,0,5,5,NOV
2026-01-18,Clifford A Skelton,9,3,0,6,3,Conduent
2026-01-18,Clint E Stein,10,3,0,6,4,Columbia Banking System
2026-01-18,Corie Barry,8,3,0,1,7,Best Buy
2026-01-18,Craig Billings,8,3,0,5,3,Wynn Resorts
2026-01-18,Craig DeSanto,10,5,0,4,6,New York Life Insurance
2026-01-18,Craig Smiddy,10,3,0,7,3,Old Republic International
2026-01-18,Cristiano Amon,7,4,0,2,5,Qualcomm
2026-01-18,D Bryan Jordan,9,3,0,6,3,First Horizon
2026-01-18,D Christian Koch,9,3,0,5,4,Carlisle Companies
2026-01-18,D Scott Barbour,9,5,0,2,7,Advanced Drainage Systems
2026-01-18,DG Macpherson,8,5,0,3,5,WW Grainger
2026-01-18,Dale Asplund,10,5,0,5,5,BrightView Holdings
2026-01-18,Dale Francescon,10,3,0,7,3,Century Communities
2026-01-18,Dan Amos,8,3,0,4,4,Aflac
2026-01-18,Dan L Batrack,10,4,0,5,5,Tetra Tech
2026-01-18,Dan Schulman,8,4,1,2,5,Verizon
2026-01-18,Daniel Alegre,8,5,0,3,5,TelevisaUnivision
2026-01-18,Daniel E Brown,9,4,0,2,7,Chord Energy
2026-01-18,Daniel Fisher,9,4,1,4,4,Ball Corporation
2026-01-18,Daniel Florness,9,6,0,3,6,Fastenal
2026-01-18,Daniel Heaf,9,3,2,3,4,Bath & Body Works
2026-01-18,Daniel O'Day,9,6,1,2,6,Gilead Sciences
2026-01-18,Daniel S. Peyovich,10,4,0,5,5,Dycom Industries
2026-01-18,Daniel Wall,10,3,0,6,4,Expeditors International of Washington
2026-01-18,Dara Khosrowshahi,7,4,0,2,5,Uber
2026-01-18,Darren Rebelez,8,2,1,5,2,Caseys General Stores
2026-01-18,Darren Woods,8,2,1,5,2,Exxon Mobil
2026-01-18,Darryl Button,10,5,0,4,6,Pacific Life
2026-01-18,Daryl Kenningham,8,3,0,4,4,Group 1 Automotive
2026-01-18,Dave Banyard Jr,9,4,0,5,4,MasterBrand
2026-01-18,Dave Davis,9,5,1,0,8,Spirit Airlines
2026-01-18,Dave Guilmette,9,4,0,3,6,Alight Solutions
2026-01-18,Dave Peacock,8,3,0,3,5,Advantage Solutions
2026-01-18,David A Spector,10,4,0,5,5,PennyMac Financial Services
2026-01-18,David A Zapico,9,5,0,4,5,Ametek
2026-01-18,David Baszucki,8,5,0,2,6,Roblox
2026-01-18,David Bozeman,8,4,0,3,5,CH Robinson Worldwide
2026-01-18,David Bruton Smith,9,6,1,2,6,Sonic Automotive
2026-01-18,David Burritt,9,4,1,2,6,United States Steel
2026-01-18,David C Dauch,10,4,0,6,4,American Axle & Manufacturing
2026-01-18,David Campbell,8,6,0,2,6,Evergy
2026-01-18,David Cordani,9,4,1,3,5,Cigna
2026-01-18,David E Simon,10,3,0,7,3,Simon Property Group
2026-01-18,David Ellison,7,2,1,4,2,Paramount Global
2026-01-18,David Flitman,8,5,0,3,5,US Foods
2026-01-18,David Gibbs,9,5,0,4,5,Yum Brands
2026-01-18,David Gitlin,9,3,2,4,3,Carrier Global
2026-01-18,David Hult,9,4,1,2,6,Asbury Automotive Group
2026-01-18,David Joyner,9,4,1,4,4,CVS Health
2026-01-18,David L Yowan,10,4,0,4,6,Navient
2026-01-18,David M Foulkes,8,5,0,3,5,Brunswick Corporation
2026-01-18,David M Maura,9,5,0,3,6,Spectrum Brands
2026-01-18,David M O'Malley,8,3,0,5,3,Penn Mutual Life Insurance
2026-01-18,David M Overton,8,5,0,3,5,Cheesecake Factory
2026-01-18,David McCreight,9,4,1,4,4,CarMax
2026-01-18,David Rawlinson II,10,5,0,4,6,QVC Group
2026-01-18,David Ricks,7,3,0,4,3,Eli Lilly
2026-01-18,David S Chernow,10,4,0,6,4,Select Medical Holdings
2026-01-18,David S Graziosi,10,5,0,4,6,Allison Transmission
2026-01-18,David Solomon,8,4,0,3,5,Goldman Sachs
2026-01-18,David W Grzebinski,10,5,0,5,5,Kirby Corporation
2026-01-18,David Zaslav,8,1,2,5,1,Warner Bros Discovery
2026-01-18,Deanna Strable-Soethout,10,3,0,5,5,PrIncipal Financial
2026-01-18,Debra A Cafaro,9,3,0,5,4,Ventas Inc
2026-01-18,Denise A Paulonis,9,4,0,5,4,Sally Beauty
2026-01-18,Denise Dignam,8,4,0,4,4,Chemours
2026-01-18,Dennis Degner,9,6,0,2,7,Range Resources
2026-01-18,Dennis Mathew,8,4,1,3,4,Altice USA
2026-01-18,Deon Stander,8,4,0,4,4,Avery Dennison
2026-01-18,Derek Chang,9,5,0,2,7,Liberty Media
2026-01-18,Derek J Leathers,9,5,1,3,5,Werner Enterprises
2026-01-18,Devin B McGranahan,10,4,0,5,5,Western Union
2026-01-18,Devin Stockfish,9,6,0,2,7,Weyerhaeuser
2026-01-18,Diana Birkett Rakow,9,2,1,5,3,Hawaiian Airlines Inc
2026-01-18,Dirk Van de Put,9,4,0,5,4,Mondelez
2026-01-18,Domenic Dell’Osso Jr,10,3,0,2,8,Expand Energy Corporation
2026-01-18,Donald Allan,9,6,0,3,6,Stanley Black & Decker
2026-01-18,Donald Zurbay,10,3,0,7,3,Patterson Companies Inc
2026-01-18,Donnie King,10,5,2,3,5,Tyson Foods
2026-01-18,Doug Black,9,3,0,6,3,SiteOne Landscape Supply
2026-01-18,Doug Howe,9,3,0,6,3,Designer Brands Inc
2026-01-18,Doug Palladini,10,4,0,5,5,Carters Inc
2026-01-18,Doug Shulman,10,4,0,6,4,OneMain
2026-01-18,Douglas F Bauer,9,4,0,4,5,Tri Pointe Homes
2026-01-18,Douglas Yearley,8,5,0,2,6,Toll Brothers
2026-01-18,Drew Houston,8,4,0,3,5,Dropbox
2026-01-18,Drew M Wilkerson,9,5,0,3,6,RXO Inc
2026-01-18,Drew Marsh,10,3,1,4,5,Entergy
2026-01-18,Dustin Semach,9,4,0,4,5,Sealed Air Corporation
2026-01-18,E Jean Savage,10,3,0,7,3,Trinity Industries
2026-01-18,Earl Austin,10,5,0,4,6,Quanta Services
2026-01-18,Ed Bastian,8,5,0,2,6,Delta Air Lines
2026-01-18,Edmund Shallcross III,10,2,0,7,3,Amica Mutual Insurance
2026-01-18,Eduardo Menezes,10,5,1,3,6,Air Products & Chemicals
2026-01-18,Edward B Pitoniak,10,4,0,5,5,VICI Properties
2026-01-18,Edward J Lehner,10,5,0,5,5,Ryerson Holding
2026-01-18,Edward Pesicka,10,1,1,7,2,Owens & Minor
2026-01-18,Ellen Cooper,9,3,0,5,4,Lincoln National
2026-01-18,Elliott Hill,8,3,2,3,3,Nike
2026-01-18,Elon Musk,6,2,1,3,2,Tesla
2026-01-18,Emmanuel Ligner,9,3,0,6,3,Avantor
2026-01-18,Enrique Lores,8,5,0,2,6,HP
2026-01-18,Eric D Ashleman,10,5,0,5,5,IDEX
2026-01-18,Eric Hansotia,8,4,0,3,5,AGCO
2026-01-18,Eric M Green,10,4,0,6,4,West Pharmaceutical Services
2026-01-18,Eric Nyman,9,4,0,5,4,Vista Outdoor
2026-01-18,Eric S Yuan,8,5,0,2,6,Zoom Video Communications
2026-01-18,Eric Slifka,9,6,0,3,6,Global Partners
2026-01-18,Eric T Steigerwalt,10,5,0,5,5,Brighthouse Financial
2026-01-18,Eric W Gerstenberg,10,6,0,1,9,Clean Harbors
2026-01-18,Erik Fyrwald,9,5,0,2,7,International Flavors & Fragrances
2026-01-18,Erik Gershwind,9,4,0,5,4,MSC Industrial Direct
2026-01-18,Erik Nordstrom,9,3,0,6,3,Nordstrom
2026-01-18,Ernest Garcia III,9,3,1,4,4,Carvana
2026-01-18,Ernie Herrman,10,4,2,2,6,TJX
2026-01-18,Eugene A Hall,10,4,0,4,6,Gartner
2026-01-18,Eugene Bredow,10,1,0,8,2,NVR Inc
2026-01-18,Evan Spiegel,8,5,0,3,5,Snap Inc
2026-01-18,Ezra Yacob,10,5,0,4,6,EOG Resources
2026-01-18,Fahmi Karam,9,5,0,4,5,Upbound Group
2026-01-18,Fidji Simo,8,4,0,3,5,Instacart
2026-01-18,Fran Horowitz,8,2,1,5,2,Abercrombie & Fitch
2026-01-18,Francisco J Leon,8,4,0,4,4,California Resources
2026-01-18,Francois Locoh-Donou,6,5,0,1,5,F5
2026-01-18,Frank A Lonegro,10,6,0,4,6,Landstar System
2026-01-18,Frank C Sullivan,9,5,0,4,5,RPM International
2026-01-18,Frank H Laukien,9,5,0,4,5,Bruker
2026-01-18,Frank Holding,10,4,0,6,4,First Citizens BancShares
2026-01-18,Frank M Svoboda,8,2,0,6,2,Globe Life
2026-01-18,Frederick J Holzgrefe III,10,2,0,8,2,Saia Inc
2026-01-18,Fredric J Tomczyk,9,3,0,5,4,Cboe Global Markets
2026-01-18,G Mike Mikan,10,3,0,7,3,NeueHealth
2026-01-18,Gabriel Tirador,9,1,0,8,1,Mercury General
2026-01-18,Gail Boudreaux,10,6,0,3,7,Elevance Health
2026-01-18,Garrick Rochow,10,5,0,4,6,CMS Energy
2026-01-18,Gary B Smith,9,4,0,5,4,Ciena
2026-01-18,Gary C Bhojwani,8,3,0,4,4,CNO Financial Group
2026-01-18,Gary D Burnison,9,4,0,5,4,Korn Ferry
2026-01-18,Gary Dickerson,9,4,0,2,7,Applied Materials
2026-01-18,Gary G Friedman,9,3,0,6,3,Restoration Hardware
2026-01-18,Gary Guthart,9,5,1,2,6,Intuitive Surgical
2026-01-18,Gavin Hattersley,9,5,2,2,5,Molson Coors Beverage
2026-01-18,George Bobb III,10,4,0,6,4,Teledyne Technologies
2026-01-18,George C Freeman III,10,1,0,1,9,Universal Corporation
2026-01-18,George F Chappelle Jr,10,3,0,2,8,Americold Realty Trust
2026-01-18,George Holm,10,3,0,5,5,Performance Food
2026-01-18,George Kurian,6,4,0,2,4,NetApp
2026-01-18,George Kurtz,8,3,0,5,3,CrowdStrike
2026-01-18,Gerald L Morgan,9,3,0,4,5,Texas Roadhouse
2026-01-18,Gerardo Norcia,9,4,0,4,5,DTE Energy
2026-01-18,Gerben W Bakker,10,3,0,6,4,Hubbell
2026-01-18,Gerry P Smith,10,3,1,6,3,ODP Business Solutions
2026-01-18,Giel Rutten,9,5,0,4,5,Amkor Technology
2026-01-18,Gil West,10,4,0,6,4,Hertz
2026-01-18,Giordano Albertazzi,16,6,0,10,6,Vertiv
2026-01-18,Glenn Fogel,9,5,0,3,6,Booking Holdings
2026-01-18,Glenn J Williams,9,5,0,4,5,Primerica
2026-01-18,Glenn Sanford,9,6,0,3,6,eXp World
2026-01-18,Gordon J Hardie,10,3,0,6,4,O-I Glass
2026-01-18,Grant E Sims,10,3,0,0,10,Genesis Energy
2026-01-18,Greg Anderson,10,5,0,5,5,Allegiant Travel Company
2026-01-18,Greg Smith,9,4,0,4,5,Teradyne
2026-01-18,Gregory Brown,8,4,0,1,7,Motorola Solutions
2026-01-18,Gregory L Christopher,10,4,0,3,7,Mueller Industries
2026-01-18,Gregory Roberts,10,0,1,6,3,A-Mark Precious Metals
2026-01-18,Gunjan Kedia,8,5,1,2,5,US Bancorp
2026-01-18,Gunner Smith,9,4,0,4,5,Cornerstone Building Brands
2026-01-18,H Michael Krimbill,10,3,0,2,8,NGL Energy Partners
2026-01-18,Hamid Akhavan,9,3,0,6,3,EchoStar
2026-01-18,Hamid Moghadam,9,4,0,5,4,Prologis
2026-01-18,Harry Lawton III,10,6,0,4,6,Tractor Supply
2026-01-18,Harry Sideris,8,5,0,3,5,Duke Energy
2026-01-18,Harvey M Schwartz,9,5,0,4,5,Carlyle Group
2026-01-18,Hassane El-Khoury,8,3,0,5,3,ON Semiconductor
2026-01-18,Haviv Ilan,9,5,0,4,5,Texas Instruments
2026-01-18,Heath Sampson,9,4,0,4,5,ModivCare
2026-01-18,Heather Lavallee,8,4,0,4,4,Voya Financial
2026-01-18,Heidi Petz,8,4,1,3,4,Sherwin-Williams
2026-01-18,Henry A Fernandez,9,4,0,5,4,MSCI
2026-01-18,Hillary Super,9,4,0,2,7,Victorias Secret
2026-01-18,Hilton H Howell Jr,8,3,0,4,4,Gray Television
2026-01-18,Hilton Schlosberg,10,1,2,7,1,Monster Beverage
2026-01-18,Hock Tan,8,3,1,3,4,Broadcom
2026-01-18,Horacio Rozanski,8,5,0,3,5,Booz Allen Hamilton
2026-01-18,Ira D Robbins,9,2,0,7,2,Valley National Bancorp
2026-01-18,Ivan Tornos,8,5,0,3,5,Zimmer Biomet
2026-01-18,J Eric Evans,9,6,0,3,6,Surgery Partners
2026-01-18,J Kent Masters,9,5,0,2,7,Albemarle Corporation
2026-01-18,J Powell Brown,10,3,0,7,3,Brown & Brown
2026-01-18,Jacek Olczak,9,4,0,5,4,Philip Morris International
2026-01-18,Jack Fusco,8,6,0,2,6,Cheniere Energy
2026-01-18,Jack Sinclair,9,2,0,5,4,Sprouts Farmers Market
2026-01-18,Jacob Thaysen,9,4,1,4,4,Illumina Inc
2026-01-18,James A Brock,8,2,0,4,4,Consol Energy
2026-01-18,James Blackledge,10,3,0,6,4,Mutual of Omaha
2026-01-18,James Breuer,9,6,0,2,7,Fluor
2026-01-18,James Burke,8,3,0,2,6,Vistra
2026-01-18,James C Foster,10,3,1,6,3,Charles River Laboratories International
2026-01-18,James C Grech,10,3,0,3,7,Peabody Energy
2026-01-18,James Conroy,9,3,0,6,3,Ross Stores
2026-01-18,James Cracchiolo,10,4,0,4,6,Ameriprise Financial
2026-01-18,James Davis,9,4,0,4,5,Quest Diagnostics
2026-01-18,James F Risoleo,9,3,0,5,4,Host Hotels & Resorts
2026-01-18,James H Walter,9,3,0,5,4,Permian Resources
2026-01-18,James Jim C Ryan III,10,3,0,6,4,Old National Bancorp
2026-01-18,James Kelly,9,3,0,6,3,NCR Voyix
2026-01-18,James Quincey,8,4,0,3,5,The Coca-Cola Company
2026-01-18,James S Hagedorn,9,4,2,3,4,Scotts Miracle-Gro
2026-01-18,James Snee,9,4,0,4,5,Hormel Foods
2026-01-18,James Taiclet,8,4,1,3,4,Lockheed Martin
2026-01-18,James W Lanning,10,1,0,6,4,Ingles Markets
2026-01-18,James Zallie,9,4,0,2,7,Ingredion
2026-01-18,Jamie Dimon,8,2,1,4,3,JPMorgan Chase
2026-01-18,Jamie Iannone,7,4,0,2,5,Ebay
2026-01-18,Jamie Whisnant,10,6,0,3,7,Auto-Owners Insurance
2026-01-18,Jane Fraser,8,2,1,5,2,Citigroup
2026-01-18,Jared Isaacman,9,2,1,5,3,Shift4 Payments
2026-01-18,Jason D Robins,8,4,0,3,5,DraftKings
2026-01-18,Jason Hollar,8,5,1,2,5,Cardinal Health
2026-01-18,Jason Lippert,9,5,0,3,6,LCI Industries
2026-01-18,Jason Murray,8,4,0,3,5,PACS Group
2026-01-18,Jason P Wells,8,4,0,0,8,CenterPoint Energy
2026-01-18,Jason Potter,10,4,0,6,4,Grocery Outlet Holding
2026-01-18,Javier D Ferrer Fernandez,10,3,0,4,6,Popular Inc
2026-01-18,Javier Rodriguez,8,4,0,3,5,DaVita
2026-01-18,Jay Debertin,8,3,0,5,3,CHS
2026-01-18,Jay Geldmacher,10,4,0,5,5,Resideo Technologies
2026-01-18,Jay L Schottenstein,10,2,0,7,3,American Eagle Outfitters
2026-01-18,Jay Schmidt,9,4,0,5,4,Caleres Inc
2026-01-18,Jay Snowden,9,4,1,2,6,PENN Entertainment
2026-01-18,Jayne Hrdlicka,10,1,1,7,2,Endeavor Group
2026-01-18,Jayshree Ullal,7,4,0,3,4,Arista Networks
2026-01-18,Jean-Michel Ribieras,9,3,0,6,3,Sylvamo
2026-01-18,Jeff Benck,9,4,0,4,5,Benchmark Electronics
2026-01-18,Jeff Liaw,10,5,0,3,7,Copart
2026-01-18,Jeff Lorenger,10,4,0,5,5,Steelcase
2026-01-18,Jeff Miller,9,4,0,5,4,Halliburton
2026-01-18,Jeffrey B Guldner,10,5,0,4,6,Pinnacle West Capital
2026-01-18,Jeffrey Harmening,9,2,0,7,2,General Mills
2026-01-18,Jeffrey Lorberbaum,9,3,0,6,3,Mohawk Industries
2026-01-18,Jeffrey Mezger,10,5,1,4,5,KB Home
2026-01-18,Jeffrey N Simmons,9,5,0,2,7,Elanco Animal Health
2026-01-18,Jeffrey S Edwards,10,5,0,5,5,Cooper-Standard
2026-01-18,Jeffrey Sprecher,9,3,0,6,3,Intercontinental Exchange
2026-01-18,Jeffrey W Edwards,9,3,0,6,3,Installed Building Products
2026-01-18,Jennifer F Scanlon,10,4,0,4,6,UL Solutions
2026-01-18,Jennifer Johnson,10,5,0,5,5,Franklin Resources
2026-01-18,Jennifer Parmentier,10,4,1,5,4,Parker-Hannifin
2026-01-18,Jennifer Rumsey,8,5,0,2,6,Cummins Inc
2026-01-18,Jennifer Witz,8,3,2,2,4,Sirius XM
2026-01-18,Jensen Huang,8,3,1,4,3,Nvidia
2026-01-18,Jeremy Wensinger,10,4,0,4,6,v2x Inc
2026-01-18,Jerry E Gahlhoff Jr,10,3,0,5,5,Rollins Inc
2026-01-18,Jesse Arenivas,10,1,1,7,2,EnLink Midstream
2026-01-18,Jillian C Evanko,8,2,0,6,2,Chart Industries
2026-01-18,Jim Anderson,7,5,1,1,5,Coherent
2026-01-18,Jim DeVries,10,4,1,3,6,ADT
2026-01-18,Jim Farley,9,5,0,4,5,Ford Motor
2026-01-18,Jim Jacobs,9,6,0,2,7,Country Financial
2026-01-18,Jim Rechtin,10,5,0,4,6,Humana
2026-01-18,Jim Vena,8,4,1,1,6,Union Pacific
2026-01-18,Joanna Geraghty,9,4,0,4,5,JetBlue Airways
2026-01-18,Joanne Crevoiserat,8,5,1,2,5,Tapestry
2026-01-18,Joaquin Duato,9,5,1,3,5,Johnson & Johnson
2026-01-18,Jochen Zeitz,9,3,0,6,3,Harley-Davidson
2026-01-18,Joe Craft,9,2,0,7,2,Alliance Resource Partners
2026-01-18,Joe Creed,7,4,1,2,4,Caterpillar
2026-01-18,Joe Shoen,10,2,3,5,2,U-Haul
2026-01-18,Joe Zubretsky,9,3,1,3,5,Molina Healthcare
2026-01-18,Joel D Anderson,10,3,0,5,5,Petco Health and Wellness
2026-01-18,Joel Smejkal,10,4,0,5,5,Vishay Intertechnology
2026-01-18,Joey Wat,9,3,0,6,3,Yum China
2026-01-18,John B Gibson,8,4,0,3,5,Paychex
2026-01-18,John Barrett,10,5,0,3,7,Western & Southern Financial
2026-01-18,John C Rademacher,9,5,0,2,7,Option Care Health
2026-01-18,John C Roche,10,3,0,7,3,Hanover Insurance Group
2026-01-18,John C Turner Jr,9,2,0,5,4,GMS
2026-01-18,John C. Griffith,10,5,1,4,5,American Water Works
2026-01-18,John Christmann IV,10,3,0,7,3,APA
2026-01-18,John David Risher,8,4,0,2,6,Lyft
2026-01-18,John Doyle,9,6,0,2,7,Marsh & McLennan
2026-01-18,John E Geller Jr,10,5,0,4,6,Marriott Vacations Worldwide
2026-01-18,John Engel,10,3,2,4,4,WESCO International
2026-01-18,John Furner,9,4,0,5,4,Walmart
2026-01-18,John J Marchioni,10,4,0,4,6,Selective Insurance Group
2026-01-18,John Ketchum,8,5,0,2,6,NextEra Energy
2026-01-18,John L Plueger,9,3,0,4,5,Air Lease
2026-01-18,John May,9,4,0,5,4,John Deere & Company
2026-01-18,John Mengucci,9,4,0,5,4,CACI International
2026-01-18,John Pfeifer,8,4,0,2,6,Oshkosh Corporation
2026-01-18,John Plant,10,3,0,6,4,Howmet Aerospace
2026-01-18,John R Ciulla,9,2,0,5,4,Webster Financial
2026-01-18,John Stankey,8,4,1,3,4,AT&T
2026-01-18,John T C Lee,8,5,0,3,5,MKS Instruments
2026-01-18,John Turner,9,6,0,3,6,Regions Financial
2026-01-18,John Venhuizen,8,4,0,3,5,Ace Hardware
2026-01-18,John W Lindsay,9,5,0,4,5,Helmerich & Payne
2026-01-18,John Wren,8,1,1,5,2,Omnicom Group
2026-01-18,John Zillmer,9,6,0,3,6,Aramark
2026-01-18,Jon Farney,9,4,1,2,6,State Farm Insurance
2026-01-18,Jon Moeller,8,3,0,5,3,Procter & Gamble
2026-01-18,Jon Rousseau,10,7,0,3,7,BrightSpring Health Services
2026-01-18,Jon Vander Ark,9,4,0,5,4,Republic Services
2026-01-18,Jonas Prising,9,4,0,5,4,ManpowerGroup
2026-01-18,Jonathan H Weis,9,2,0,7,2,Weis Markets
2026-01-18,Jonathan J Mazelsky,10,4,0,4,6,IDEXX Laboratories
2026-01-18,Jonathan Jaffe,10,4,0,6,4,Lennar
2026-01-18,Jonathan W Witter,10,3,0,7,3,Sallie Mae
2026-01-18,Joseph Bae,8,3,0,3,5,KKR & Co
2026-01-18,Joseph D Margolis,9,5,0,4,5,Extra Space Storage
2026-01-18,Joseph D Russell Jr,10,4,0,6,4,Public Storage
2026-01-18,Joseph Dominguez,8,3,0,3,5,Constellation Energy
2026-01-18,Joseph Fadool,9,4,0,4,5,BorgWarner
2026-01-18,Joseph Hinrichs,9,3,0,5,4,CSX
2026-01-18,Joseph M Hogan,9,6,0,3,6,Align Technology
2026-01-18,Joseph M Otting,10,6,1,3,6,Flagstar Financial
2026-01-18,Joseph Morrissey,9,5,1,3,5,Organon
2026-01-18,Joseph Nolan,9,2,1,5,3,Eversource Energy
2026-01-18,Joseph Wm Foran,10,2,0,5,5,Matador Resources
2026-01-18,José Mas,10,6,0,4,6,MasTec
2026-01-18,Joyce Mullen,8,4,0,4,4,Insight Enterprises
2026-01-18,Juan Andrade,8,4,1,3,4,USAA
2026-01-18,Juan Luciano,10,3,2,5,3,Archer Daniels Midland
2026-01-18,Judith Marks,7,4,0,3,4,Otis Worldwide
2026-01-18,Judy R McReynolds,8,4,0,2,6,ArcBest
2026-01-18,Julie Felss Masino,8,5,0,3,5,Cracker Barrel
2026-01-18,Julie Schertell,8,3,0,2,6,Mativ
2026-01-18,Jure Sola,10,3,0,7,3,Sanmina
2026-01-18,Justin Jude,8,3,1,2,5,LKQ
2026-01-18,Kaes Van’t Hof,9,5,0,4,5,Diamondback Energy
2026-01-18,Kamal Hathi,7,5,0,1,6,Splunk Inc
2026-01-18,Karen S Haller,10,7,0,3,7,Southwest Gas Holdings
2026-01-18,Karl G. Glassman,10,4,0,6,4,Leggett & Platt
2026-01-18,Karla Lewis,8,4,0,4,4,Reliance Inc
2026-01-18,Karsanbhai,8,4,0,4,4,Emerson Electric
2026-01-18,Kathleen Johnson,8,5,0,3,5,Lumen Technologies
2026-01-18,Kathleen Mazzarella,10,4,0,6,4,Graybar Electric
2026-01-18,Kathleen Quirk,8,3,0,4,4,Freeport-McMoRan
2026-01-18,Kathy Warden,8,5,0,3,5,Northrop Grumman
2026-01-18,Kaz Nejatian,8,5,0,2,6,Opendoor Technologies
2026-01-18,Kecia Steelman,8,3,0,4,4,Ulta Beauty
2026-01-18,Keith A Harvey,10,4,0,5,5,Kaiser Aluminum
2026-01-18,Keith Allman,9,2,0,5,4,Masco
2026-01-18,Keith Demmings,9,7,0,1,8,Assurant
2026-01-18,Keith E Smith,10,5,0,5,5,Boyd Gaming
2026-01-18,Kelly Ortberg,9,3,0,4,5,Boeing
2026-01-18,Ken Xie,10,4,0,6,4,Fortinet
2026-01-18,Kenneth A Vecchione,10,5,2,3,5,Western Alliance Bancorp
2026-01-18,Kenneth T Lane,10,5,0,5,5,Olin Corporation
2026-01-18,Kevin Akers,10,5,0,2,8,Atmos Energy
2026-01-18,Kevin D Hochman,9,4,1,4,4,Brinker International
2026-01-18,Kevin Hogan,10,4,1,5,4,Corebridge Financial
2026-01-18,Kevin Hourican,9,5,0,4,5,Sysco
2026-01-18,Kevin J Wheeler,9,4,0,5,4,A O Smith
2026-01-18,Kevin Kwilinski,9,2,0,6,3,Berry Global
2026-01-18,Kevin Lobo,8,3,1,3,4,Stryker
2026-01-18,Kevin M Freeman,9,3,0,3,6,Old Dominion Freight Line
2026-01-18,Kevin Murphy,18,6,1,9,8,Publix Super Markets
2026-01-18,Kevin Plank,8,3,0,5,3,Under Armour
2026-01-18,Kevin R Sayer,9,3,1,4,4,DexCom
2026-01-18,Kevin Roycraft,10,4,0,4,6,Adams Resources & Energy
2026-01-18,Kevin S Blair,9,2,0,7,2,Synovus Financial
2026-01-18,Kevin Stein,9,4,0,5,4,TransDigm
2026-01-18,Kevin T Conroy,9,4,0,5,4,Exact Sciences
2026-01-18,Khozema Z Shipchandler,9,3,1,5,3,Twilio
2026-01-18,Kimberly A Fields,9,3,0,6,3,ATI Inc
2026-01-18,Kimberly Dang,10,3,0,4,6,Kinder Morgan
2026-01-18,Kimberly K Ryan,10,4,0,6,4,Hillenbrand
2026-01-18,Kirk Perry,9,4,0,5,4,Kenvue
2026-01-18,Kirt Walker,10,3,0,7,3,Nationwide Mutual Insurance Company
2026-01-18,Kristin A Dolan,9,3,0,5,4,AMC Networks
2026-01-18,Kristin Peck,7,4,0,3,4,Zoetis
2026-01-18,Kruti Patel Goyal,8,4,1,3,4,Etsy
2026-01-18,Kurt J Ekert,9,3,0,5,4,Sabre Corporation
2026-01-18,Kurt Wolf,10,4,0,5,5,Pitney Bowes
2026-01-18,Kyle T Larkin,10,5,0,4,6,Granite Construction
2026-01-18,Ladd Wilks,10,3,0,7,3,ProFrac Holding
2026-01-18,Lane Riggs,10,4,0,5,5,Valero Energy
2026-01-18,Larry Fink,7,3,0,4,3,BlackRock
2026-01-18,Laura Alber,9,4,0,5,4,Williams-Sonoma
2026-01-18,Laura Prieskorn,10,3,0,7,3,Jackson Financial
2026-01-18,Laurans A Mendelson,10,2,1,7,2,HEICO
2026-01-18,Lauren Hobart,10,3,0,7,3,Dicks Sporting Goods
2026-01-18,Lawrence Coben,9,4,1,3,5,NRG Energy
2026-01-18,Lawrence H Silber,10,5,0,5,5,Herc Rentals
2026-01-18,Lawson E Whiting,10,4,0,6,4,Brown-Forman
2026-01-18,Lee M Shavel,8,4,0,4,4,Verisk Analytics
2026-01-18,Lee M Tillman,9,1,0,7,2,Marathon Oil
2026-01-18,Leon Topalian,9,3,0,6,3,Nucor
2026-01-18,Leonard Schleifer,8,4,0,4,4,Regeneron Pharmaceuticals
2026-01-18,Liam J Kelly,9,2,0,7,2,Teleflex
2026-01-18,Liam K Griffin,8,4,0,2,6,Skyworks Solutions
2026-01-18,Linda Rendle,8,3,0,3,5,Clorox
2026-01-18,Lip-Bu Tan,9,3,1,3,5,Intel
2026-01-18,Lisa M Barton,10,5,0,3,7,Alliant Energy
2026-01-18,Lisa Su,9,2,0,5,4,Advanced Micro Devices
2026-01-18,Lloyd Yates,10,3,0,7,3,NiSource
2026-01-18,Lorenzo Simonelli,8,3,0,4,4,Baker Hughes
2026-01-18,Lori Flees,9,3,0,6,3,Valvoline Inc
2026-01-18,Lori Koch,8,3,0,3,5,DuPont de Nemours
2026-01-18,Lorie L Tekorius,10,4,0,5,5,The Greenbrier Companies
2026-01-18,Louis V Pinkham,10,3,0,5,5,Regal Rexnord
2026-01-18,Lourenco Goncalves,9,5,0,4,5,Cleveland-Cliffs
2026-01-18,Luca Savi,8,3,0,4,4,ITT
2026-01-18,Lucinda M Baier,10,3,1,6,3,Brookdale Senior Living
2026-01-18,Lynn M Bamford,8,4,0,4,4,Curtiss-Wright
2026-01-18,M Christopher Doyle,10,1,1,4,5,Civitas Resources
2026-01-18,M Keith Waddell,10,3,0,6,4,Robert Half
2026-01-18,Mac Cummings,9,5,0,4,5,Terakeet
2026-01-18,Malcolm C Roberts,9,4,0,4,5,FM Global
2026-01-18,Marc Benioff,7,5,0,2,5,Salesforce
2026-01-18,Marc Bitzer,9,4,0,4,5,Whirlpool
2026-01-18,Marc Casper,8,4,1,2,5,Thermo Fisher Scientific
2026-01-18,Marc Miller,10,6,0,4,6,Universal Health Services
2026-01-18,Marc Rowan,8,4,0,3,5,Apollo Global Management
2026-01-18,Marcus Lemonis,8,3,1,4,3,Camping World
2026-01-18,Maria Black,9,4,0,3,6,Automatic Data Processing
2026-01-18,Maria M Pope,9,3,0,6,3,Portland General Electric
2026-01-18,Mario Harik,8,5,0,3,5,XPO
2026-01-18,Mark A Skonieczny,10,5,0,5,5,REV Group
2026-01-18,Mark Bertolini,8,6,0,2,6,Oscar Health
2026-01-18,Mark Costa,7,3,0,4,3,Eastman Chemical
2026-01-18,Mark D Dankberg,10,5,0,5,5,Viasat
2026-01-18,Mark D Morelli,10,3,0,6,4,Vontier
2026-01-18,Mark E Seaton,10,5,0,5,5,First American Financial
2026-01-18,Mark Eubanks,10,6,0,4,6,Brinks Company
2026-01-18,Mark George,8,6,0,2,6,Norfolk Southern
2026-01-18,Mark Hoplamazian,9,5,1,2,6,Hyatt Hotels
2026-01-18,Mark J Parrell,10,4,0,5,5,Equity Residential
2026-01-18,Mark J Tarr,9,6,0,3,6,Encompass Health
2026-01-18,Mark Kowlzan,10,5,0,5,5,Packaging Corp of America
2026-01-18,Mark Lashier,7,3,0,4,3,Phillips 66
2026-01-18,Mark Mac McFarland,10,4,0,4,6,Talen Energy
2026-01-18,Mark Millett,8,3,0,4,4,Steel Dynamics
2026-01-18,Mark Pearson,10,3,0,7,3,Equitable Holdings
2026-01-18,Mark Penn,10,4,2,4,4,Stagwell
2026-01-18,Mark R Widmar,9,2,0,6,3,First Solar
2026-01-18,Mark Rourke,8,4,0,3,5,Schneider National
2026-01-18,Mark S LaVigne,10,3,0,3,7,Energizer Holdings
2026-01-18,Mark Shapiro,10,2,1,7,2,Endeavor Group Holdings
2026-01-18,Mark Smucker,8,3,0,5,3,JM Smucker
2026-01-18,Mark Stewart,8,4,0,4,4,Goodyear Tire & Rubber
2026-01-18,Mark W Begor,10,5,0,5,5,Equifax
2026-01-18,Mark Wang,10,4,0,4,6,Hilton Grand Vacations
2026-01-18,Mark Witkowski,9,7,0,2,7,Core & Main
2026-01-18,Mark Zuckerberg,8,5,0,3,5,Meta Platforms
2026-01-18,Martin J Lyons,9,2,1,5,3,Ameren
2026-01-18,Martin Schroeter,9,5,0,3,6,Kyndryl
2026-01-18,Martina Cheung,8,4,0,3,5,S&P Global
2026-01-18,Marvin Ellison,8,3,1,4,3,Lowe's Companies
2026-01-18,Mary Barra,8,4,1,3,4,General Motors
2026-01-18,Mary Dillon,9,1,1,5,3,Foot Locker
2026-01-18,Mary E Kipp,9,2,0,4,5,Puget Sound Energy
2026-01-18,Maryann Mannen,9,6,0,3,6,Marathon Petroleum
2026-01-18,Matt Wilson,8,5,0,2,6,Light & Wonder
2026-01-18,Matthew Flannery,8,4,0,2,6,United Rentals
2026-01-18,Matthew J Cox,10,4,0,6,4,Matson Inc
2026-01-18,Matthew J Murphy,8,2,0,5,3,Marvell Technology
2026-01-18,Matthew Lucey,9,3,0,4,5,PBF Energy
2026-01-18,Matthew Meloy,9,3,0,5,4,Targa Resources
2026-01-18,Matthew Missad,9,4,0,2,7,UFP Industries
2026-01-18,Matthew Pine,8,5,0,3,5,Xylem Inc
2026-01-18,Matthew T Farrell,9,6,0,3,6,Church & Dwight
2026-01-18,Mehran Assadi,9,4,0,5,4,NLV Financial
2026-01-18,Melissa D Smith,9,3,0,6,3,WEX
2026-01-18,Michael Arougheti,8,3,0,5,3,Ares Management
2026-01-18,Michael Bender,8,4,0,4,4,Kohl's
2026-01-18,Michael Cannon-Brookes,8,5,0,3,5,Atlassian
2026-01-18,Michael Creedon,9,4,0,5,4,Dollar Tree
2026-01-18,Michael Dastoor,8,4,0,4,4,Jabil
2026-01-18,Michael Dell,9,4,0,4,5,Dell Technologies
2026-01-18,Michael Doss,9,4,0,5,4,Graphic Packaging
2026-01-18,Michael E Reed,10,1,0,8,2,Gannett
2026-01-18,Michael Fiddelke,8,5,1,2,5,Target Corporation
2026-01-18,Michael Hsu,8,4,0,4,4,Kimberly-Clark
2026-01-18,Michael Hutchins,9,4,0,4,5,Freddie Mac
2026-01-18,Michael J Brown,10,4,0,6,4,Euronet Worldwide
2026-01-18,Michael J Happe,10,4,0,4,6,Winnebago Industries
2026-01-18,Michael J Smith,9,3,0,6,3,Lamb Weston
2026-01-18,Michael Kasbar,9,4,1,4,4,World Kinect
2026-01-18,Michael L Baur,10,5,0,5,5,ScanSource
2026-01-18,Michael Mahoney,9,5,0,4,5,Boston Scientific
2026-01-18,Michael Manley,9,2,1,6,2,AutoNation
2026-01-18,Michael Miebach,9,6,0,3,6,Mastercard
2026-01-18,Michael Nierenberg,9,5,0,4,5,Rithm Capital
2026-01-18,Michael Nolan,10,3,0,7,3,Fidelity National Financial
2026-01-18,Michael O'Grady,9,3,0,4,5,Northern Trust
2026-01-18,Michael O’Sullivan,9,2,0,6,3,Burlington Stores
2026-01-18,Michael Rapino,9,6,0,3,6,Live Nation Entertainment
2026-01-18,Michael Rhodes,10,3,1,5,4,Ally Financial
2026-01-18,Michael Shepherd,10,1,0,6,4,Discover Financial
2026-01-18,Michael Spanos,9,4,1,4,4,Bloomin Brands
2026-01-18,Michel Khalaf,10,5,0,4,6,MetLife Inc
2026-01-18,Michele Buck,7,4,1,1,5,Hershey
2026-01-18,Michelle Gass,7,4,0,3,4,Levi Strauss
2026-01-18,Mick Beekhuizen,9,4,1,3,5,Campbell Soup
2026-01-18,Mick Farrell,9,3,0,6,3,ResMed
2026-01-18,Mikael Bratt,9,6,0,3,6,Autoliv
2026-01-18,Mike Lyons,6,4,0,2,4,Fiserv
2026-01-18,Mike Sicilia,7,3,0,4,3,Oracle
2026-01-18,Mike Simonds,8,4,0,3,5,TriNet Group
2026-01-18,Mike Speetzen,9,5,1,3,5,Polaris Inc
2026-01-18,Mike Steib,9,5,1,2,6,TEGNA
2026-01-18,Mike Wirth,8,3,0,5,3,Chevron
2026-01-18,Milan Galik,9,1,0,8,1,Interactive Brokers
2026-01-18,Morris Goldfarb,10,5,0,5,5,G-III Apparel Group
2026-01-18,NADominic Ng,10,4,0,5,5,East West Bancorp
2026-01-18,Nate R Jorgensen,10,4,0,5,5,Boise Cascade
2026-01-18,Neil A Schrimsher,10,5,0,5,5,Applied Industrial Technologies
2026-01-18,Neil Hunn,9,4,0,4,5,Roper Technologies
2026-01-18,Neil M Ashe,10,4,0,4,6,Acuity Inc
2026-01-18,Nicholas I Fink,7,3,0,4,3,Fortune Brands Innovations
2026-01-18,Nicholas R Lower,10,4,1,5,4,Federated Mutual Insurance
2026-01-18,Nicholas T Pinchuk,8,1,0,5,3,Snap-on
2026-01-18,Nick DeIuliis,9,5,0,4,5,CNX Resources
2026-01-18,Nick Jeffery,10,4,2,3,5,Frontier Communications
2026-01-18,Nicole A Kivisto,10,4,0,6,4,MDU Resources Group
2026-01-18,Nikesh Arora,9,5,0,3,6,Palo Alto Networks
2026-01-18,Niko Lahanas,9,5,0,3,6,Central Garden & Pet
2026-01-18,Niraj Shah,8,3,0,4,4,Wayfair
2026-01-18,Noel Wallace,8,4,0,4,4,Colgate-Palmolive
2026-01-18,Norman D Schwartz,10,4,0,4,6,Bio-Rad Laboratories
2026-01-18,Octavio Marquez,9,3,0,6,3,Diebold Nixdorf
2026-01-18,Ole Rosgaard,9,4,0,5,4,Greif
2026-01-18,Oliver G Brewer III,10,4,0,5,5,Topgolf Callaway Brands
2026-01-18,Olivier Rabiller,10,5,0,5,5,Garrett Motion Inc
2026-01-18,Olumide Soroye,7,5,0,1,6,Fortive
2026-01-18,Oscar K Brown,10,4,0,5,5,Western Midstream Partners
2026-01-18,Owen D Thomas,9,3,0,5,4,Boston Properties
2026-01-18,Padraig McDonnell,7,4,0,3,4,Agilent Technologies
2026-01-18,Pat Roche,9,4,1,4,4,Moog Inc
2026-01-18,Patrice Louvet,7,3,0,4,3,Ralph Lauren
2026-01-18,Patricia Poppe,8,3,1,4,3,Pacific Gas and Electric Company
2026-01-18,Patrick Gallagher,8,3,1,4,3,Arthur J Gallagher
2026-01-18,Patrick Kaltenbach,10,5,0,3,7,Mettler-Toledo International
2026-01-18,Patrick Kelleher,7,4,0,2,5,GXO Logistics
2026-01-18,Patrick M Shanahan,10,6,0,2,8,Spirit AeroSystems
2026-01-18,Patrick Zalupski,10,4,0,3,7,Dream Finders Homes
2026-01-18,Patrick Zammit,8,5,0,2,6,TD Synnex
2026-01-18,Paul A Lang,10,4,0,4,6,Arch Resources
2026-01-18,Paul Bay,16,6,0,10,6,Ingram Micro
2026-01-18,Paul E Burdiss,10,1,0,7,3,Zions Bancorp
2026-01-18,Paul Keel,9,5,0,3,6,Envista Holdings
2026-01-18,Paul M Rady,10,4,0,6,4,Antero Resources
2026-01-18,Paul Romanowski,8,4,0,4,4,DR Horton Inc
2026-01-18,Paul Sarvadi,10,4,0,5,5,Insperity
2026-01-18,Paul Shoukry,7,3,0,3,4,Raymond James Financial
2026-01-18,Pedro Pizarro,9,3,1,5,3,Edison International
2026-01-18,Penny Pennington,8,3,0,5,3,Edward Jones
2026-01-18,Perry A Sook,10,4,0,3,7,Nexstar Media Group
2026-01-18,Pete McPartland,10,3,0,5,5,Sentry Insurance Group
2026-01-18,Peter Arduini,8,5,0,3,5,GE HealthCare Technologies
2026-01-18,Peter D Arvan,10,4,0,5,5,Pool Corporation
2026-01-18,Peter J Federico,10,3,0,6,4,AGNC Investment
2026-01-18,Peter Jackson,9,5,0,2,7,Builders FirstSource
2026-01-18,Peter M Moglia,10,3,0,5,5,Alexandria Real Estate Equities
2026-01-18,Peter Matt,10,3,0,7,3,Commercial Metals
2026-01-18,Peter Quigley,10,3,0,7,3,Kelly Services Inc
2026-01-18,Peter R Huntsman,10,3,1,5,4,Huntsman Corporation
2026-01-18,Peter Stern,7,3,1,2,4,Peloton Interactive
2026-01-18,Peter Zaffino,9,4,0,5,4,AIG
2026-01-18,Phebe Novakovic,10,4,0,5,5,General Dynamics
2026-01-18,Philip Daniele III,10,3,1,6,3,AutoZone
2026-01-18,Philip Gallagher,9,5,0,4,5,Avnet
2026-01-18,Philip Smith,8,4,0,4,4,StoneX Group
2026-01-18,Philippe Krakowsky,10,1,0,8,2,Interpublic Group
2026-01-18,Phillip D Green,10,3,0,7,3,Cullen Frost Bankers
2026-01-18,Phillip D Yeager,10,4,0,5,5,Hub Group
2026-01-18,Phillippe Lord,9,4,0,5,4,Meritage Homes
2026-01-18,Pierce Norton II,8,4,0,3,5,Oneok
2026-01-18,Pierre R Brondeau,10,4,0,5,5,FMC Corporation
2026-01-18,Prahlad Singh,8,3,0,5,3,Revvity
2026-01-18,Preston Feight,10,3,0,7,3,Paccar
2026-01-18,Priscilla Almodovar,9,4,1,4,4,Fannie Mae
2026-01-18,R Bruce McDonald,10,5,0,4,6,Dana Incorporated
2026-01-18,R Howard Coker,1,0,0,1,0,Sonoco Products
2026-01-18,R Scott Rowe,9,4,0,5,4,Flowserve
2026-01-18,RJ Scaringe,10,4,0,6,4,Rivian Automotive
2026-01-18,Rafael Santana,10,3,0,5,5,Westinghouse Air Brake Technologies
2026-01-18,Rainer Blair,10,4,0,5,5,Danaher
2026-01-18,Rajesh Subramaniam,9,4,2,3,4,FedEx
2026-01-18,Rajiv K Prasad,10,3,0,7,3,Hyster-Yale
2026-01-18,Ralph Andretta,10,6,1,3,6,Bread Financial
2026-01-18,Ralph LaRossa,10,5,0,4,6,Public Service Enterprise Group
2026-01-18,Rami Rahim,9,4,0,5,4,Juniper Networks
2026-01-18,Ramon Laguarta,8,4,1,3,4,PepsiCo
2026-01-18,Randall C Stuewe,9,3,0,4,5,Darling Ingredients
2026-01-18,Raul Fernandez,8,5,1,2,5,DXC Technology
2026-01-18,Raul Nicholas Vargas Ochoa,10,1,0,8,2,Farmers Insurance Exchange
2026-01-18,Ravi Kumar S,9,5,0,4,5,Cognizant Technology Solutions
2026-01-18,Raymond E Scott,10,3,0,7,3,Lear Corporation
2026-01-18,René Jones,9,4,0,4,5,M&T Bank
2026-01-18,Reshma Kewalramani,8,2,1,5,2,Vertex Pharmaceuticals
2026-01-18,Rex D Geveden,10,4,0,5,5,BWX Technologies
2026-01-18,Ricardo Cardenas,8,3,0,4,4,Darden Restaurants
2026-01-18,Rich Handler,10,6,0,2,8,Jefferies Financial
2026-01-18,Rich Steinmeier,8,4,0,1,7,LPL Financial
2026-01-18,Richard Dickson,8,5,1,1,6,Gap Inc
2026-01-18,Richard Fairbank,10,3,1,5,4,Capital One
2026-01-18,Richard G Kyle,10,5,0,4,6,Timken
2026-01-18,Richard Hayne,10,1,0,7,3,Urban Outfitters
2026-01-18,Richard M Olson,10,5,0,5,5,Toro Company
2026-01-18,Richard P Dealy,10,4,0,3,7,Pioneer Natural Resources
2026-01-18,Richard S Swartz,10,5,0,5,5,MYR Group
2026-01-18,Richard Tobin,10,6,0,4,6,Dover Corporation
2026-01-18,Richard Wallace,9,4,0,4,5,KLA
2026-01-18,Rick L Wessel,10,3,0,5,5,FirstCash
2026-01-18,Rick Lanoha,10,3,0,7,3,Kiewit Corporation
2026-01-18,Rick McKenney,9,4,0,5,4,Unum Group
2026-01-18,Rick Wurster,7,5,0,2,5,Charles Schwab
2026-01-18,Rob Katz,8,4,0,4,4,Vail Resorts
2026-01-18,Rob Saltiel,10,4,0,5,5,MRC Global
2026-01-18,Rob Sharps,9,6,0,2,7,T Rowe Price
2026-01-18,Rob Vitale,10,5,0,5,5,Post Holdings
2026-01-18,Robert A Bruggeworth,10,3,0,7,3,Qorvo
2026-01-18,Robert Antokol,10,4,1,5,4,Playtika Holding
2026-01-18,Robert Berkley,9,5,0,3,6,WR Berkley
2026-01-18,Robert Blue,10,3,1,5,4,Dominion Energy
2026-01-18,Robert Bradway,9,4,0,2,7,Amgen
2026-01-18,Robert D Lawler,10,1,0,9,1,Continental Resources
2026-01-18,Robert E Price,10,5,0,5,5,PriceSmart
2026-01-18,Robert Fauber,10,4,0,6,4,Moodys Corporation
2026-01-18,Robert Ford,9,3,0,5,4,Abbott Laboratories
2026-01-18,Robert Frenzel,8,4,0,3,5,Xcel Energy
2026-01-18,Robert G Painter,10,5,0,5,5,Trimble Inc
2026-01-18,Robert Goldstein,9,2,1,6,2,Las Vegas Sands
2026-01-18,Robert Greenberg,9,2,0,5,4,Skechers USA
2026-01-18,Robert H Schottenstein,10,2,0,8,2,M/I Homes
2026-01-18,Robert Isom,9,4,1,3,5,American Airlines
2026-01-18,Robert Kyncl,8,5,0,3,5,Warner Music Group
2026-01-18,Robert L Reffkin,9,4,1,3,5,Compass Group
2026-01-18,Robert M Buck,9,5,0,4,5,TopBuild
2026-01-18,Robert M Davis,7,3,1,3,3,Merck
2026-01-18,Robert Martin,8,4,0,4,4,THOR Industries
2026-01-18,Robert Mauch,9,4,0,4,5,Cencora
2026-01-18,Robert Sanchez,9,4,0,4,5,Ryder System
2026-01-18,Robert Steer,9,2,0,7,2,Seaboard
2026-01-18,Robert Sulentic,9,4,0,3,6,CBRE Group
2026-01-18,Robert Thomson,10,3,0,5,5,News Corp
2026-01-18,Robert W Pittman,8,3,0,5,3,iHeartMedia
2026-01-18,Robin Vince,8,3,1,4,3,Bank of New York Mellon
2026-01-18,Roger Crandall,9,3,0,6,3,Mass Mutual
2026-01-18,Roger Penske,9,5,0,4,5,Penske Automotive
2026-01-18,Roger W Jenkins,10,3,0,4,6,Murphy Oil
2026-01-18,Ron Gusek,8,4,0,0,8,Liberty Energy
2026-01-18,Ron Sargent,10,4,2,4,4,Kroger
2026-01-18,Ron Vachris,8,3,1,3,4,Costco
2026-01-18,Ronald F Clarke,10,6,0,4,6,Corpay
2026-01-18,Ronald J Kramer,10,2,0,7,3,Griffon Corporation
2026-01-18,Ronald Kruszewski,8,4,0,4,4,Stifel Financial
2026-01-18,Ronald N Tutor,10,5,1,3,6,Tutor Perini Corporation
2026-01-18,Ronald P O'Hanley,10,6,0,4,6,State Street
2026-01-18,Russell Becker,8,5,0,2,6,APi Group
2026-01-18,Russell Chip Childs,10,5,0,5,5,SkyWest
2026-01-18,Russell J Weiner,8,4,0,4,4,Dominos Pizza Inc
2026-01-18,Rusty Rush,9,4,1,3,5,Rush Enterprises
2026-01-18,Ryals McMullian,9,6,0,2,7,Flowers Foods
2026-01-18,Ryan Cohen,9,2,2,4,3,GameStop
2026-01-18,Ryan Lance,9,4,0,4,5,ConocoPhillips
2026-01-18,Ryan M. Schneider,10,4,0,6,4,Anywhere Real Estate Inc
2026-01-18,Ryan Marshall,9,3,0,5,4,PulteGroup
2026-01-18,Ryan McInerney,10,4,1,5,4,Visa Inc
2026-01-18,Sachin S Lawande,9,3,0,6,3,Visteon
2026-01-18,Samuel Hazen,10,3,1,5,4,HCA Healthcare
2026-01-18,Sandy Douglas,10,4,1,2,7,United Natural Foods
2026-01-18,Sanjay Mehrotra,7,3,0,4,3,Micron Technology
2026-01-18,Sarah London,9,4,0,4,5,Centene
2026-01-18,Sasan Goodarzi,8,6,0,2,6,Intuit
2026-01-18,Sassine Ghazi,7,4,0,3,4,Synopsys
2026-01-18,Satish Dhanasekaran,8,5,0,3,5,Keysight Technologies
2026-01-18,Satya Nadella,8,3,0,5,3,Microsoft
2026-01-18,Saumya Sutaria,9,3,0,5,4,Tenet Healthcare
2026-01-18,Schnitzer Steel Industries,7,3,0,4,3,Radius Recycling
2026-01-18,Scott Boatwright,9,5,0,3,6,Chipotle Mexican Grill
2026-01-18,Scott Donnelly,9,4,0,4,5,Textron
2026-01-18,Scott Doyle,9,4,0,5,4,Spire Inc
2026-01-18,Scott H Baxter,7,3,0,4,3,Kontoor Brands
2026-01-18,Scott Kirby,8,4,1,1,6,United Airlines
2026-01-18,Scott L Thompson,10,2,0,7,3,Tempur Sealy International
2026-01-18,Scott Lauber,10,3,0,5,5,WEC Energy
2026-01-18,Scott R Wells,10,4,1,0,9,Clear Channel Outdoor Hldgs
2026-01-18,Scott Richardson,9,4,0,5,4,Celanese
2026-01-18,Scott Salmirs,8,5,1,2,5,ABM Industries
2026-01-18,Scott Seu,9,4,0,5,4,Hawaiian Electric Industries
2026-01-18,Scott Smith,10,6,0,3,7,Viatris
2026-01-18,Scott Strazik,7,4,0,2,5,GE Vernova
2026-01-18,Sean Connolly,8,3,0,4,4,Conagra Brands
2026-01-18,Sean D Keohane,10,4,1,4,5,Cabot Corporation
2026-01-18,Sean Gamble,9,4,1,4,4,Cinemark
2026-01-18,Sean Kerins,10,2,0,6,4,Arrow Electronics
2026-01-18,Sean Trauschke,10,5,0,2,8,OGE Energy
2026-01-18,Shane O'Kelly,9,4,0,4,5,Advance Auto Parts
2026-01-18,Shankh Mitra,9,2,1,6,2,Welltower
2026-01-18,Shantanu Narayen,8,6,0,1,7,Adobe
2026-01-18,Shawn O'Connell,9,6,0,3,6,EnerSys
2026-01-18,Shelley Simpson,8,5,0,2,6,JB Hunt Transport Services
2026-01-18,Sherman Miller,10,4,0,6,4,Cal-Maine Foods
2026-01-18,Sheryl Palmer,9,4,0,4,5,Taylor Morrison Home
2026-01-18,Shyam K Reddy,9,5,0,4,5,BlueLinx
2026-01-18,Shyam P Kambeyanda,10,5,0,5,5,ESAB
2026-01-18,Simon D Campion,10,4,0,5,5,Dentsply Sirona
2026-01-18,Simon Meester,9,4,0,4,5,Terex
2026-01-18,Sivasankaran Somasundaram,10,2,0,8,2,ChampionX
2026-01-18,Sridhar Ramaswamy,8,4,1,3,4,Snowflake Inc
2026-01-18,Stacy Kymes,9,3,0,5,4,BOK Financial
2026-01-18,Stanley Bergman,10,4,0,6,4,Henry Schein
2026-01-18,Stefan Larsson,10,5,1,4,5,PVH
2026-01-18,Stefano Caroti,10,5,0,5,5,Deckers Outdoor
2026-01-18,Stephan B Tanda,10,4,0,6,4,AptarGroup
2026-01-18,Stephane Bancel,9,2,0,7,2,Moderna
2026-01-18,Stephanie Ferris,9,4,1,4,4,Fidelity National Information Services
2026-01-18,Stephen Bratspies,10,2,3,4,3,Hanesbrands
2026-01-18,Stephen Hemsley,9,4,1,2,6,UnitedHealth
2026-01-18,Stephen P MacMillan,8,5,0,3,5,Hologic
2026-01-18,Stephen Schwarzman,9,4,0,5,4,Blackstone
2026-01-18,Stephen Spray,10,4,1,5,4,CIncinnati Financial
2026-01-18,Stephen Squeri,9,5,0,4,5,American Express
2026-01-18,Stephen Steinour,8,2,0,6,2,Huntington Bancshares
2026-01-18,Steve Henry,7,4,1,1,5,Domtar
2026-01-18,Steve Sanghi,9,4,0,5,4,Microchip Technology
2026-01-18,Steven B Hedlund,10,4,0,4,6,Lincoln Electric
2026-01-18,Steven Bandrowczak,8,4,0,4,4,Xerox
2026-01-18,Steven Cahillane,8,2,0,6,2,Kellanova
2026-01-18,Steven H Gunby,9,5,0,4,5,FTI Consulting
2026-01-18,Steven J Moskowitz,10,3,1,4,5,Crown Castle
2026-01-18,Steven Oakland,9,4,0,5,4,TreeHouse Foods
2026-01-18,Steven P Lawrence,10,5,0,4,6,Academy Sports and Outdoors
2026-01-18,Steven Sell,9,4,2,3,4,Agilon Health
2026-01-18,Steven Vondran,8,7,0,1,7,American Tower
2026-01-18,Strauss Zelnick,7,3,1,3,3,Take-Two Interactive Software
2026-01-18,Stuart Bradie,9,5,0,3,6,KBR
2026-01-18,Stéphane de La Faverie,8,3,0,5,3,Estée Lauder
2026-01-18,Sue Nabi,8,4,2,1,5,Coty
2026-01-18,Sumit Roy,8,3,0,5,3,Realty Income
2026-01-18,Sumit Singh,8,3,0,4,4,Chewy
2026-01-18,Sundar Pichai,8,3,0,4,4,Alphabet Inc
2026-01-18,Sundaram Nagarajan,10,5,1,4,5,Nordson
2026-01-18,Susan Morris,7,3,1,3,3,Albertsons
2026-01-18,Suzanne Foster,9,3,0,6,3,AdaptHealth
2026-01-18,Ted Decker,9,4,2,1,6,Home Depot
2026-01-18,Ted Pick,7,4,0,2,5,Morgan Stanley
2026-01-18,Ted Sarandos,9,3,2,2,5,Netflix
2026-01-18,Teresa Rasmussen,10,4,0,5,5,Thrivent Financial for Lutherans
2026-01-18,Terrance Williams,9,6,0,3,6,TruStage
2026-01-18,Terrence A Duffy,9,4,0,5,4,CME Group
2026-01-18,Thasunda Brown Duckett,9,5,0,4,5,TIAA
2026-01-18,Theodore S Hanson,10,4,0,5,5,ASGN
2026-01-18,Thomas Bell,9,4,0,4,5,Leidos
2026-01-18,Thomas E Gottwald,10,4,0,6,4,NewMarket Corporation
2026-01-18,Thomas E Jorden,9,2,0,3,6,Coterra Energy
2026-01-18,Thomas Edward McCormick,10,3,0,6,4,Primoris Services
2026-01-18,Thomas Gayner,8,4,0,4,4,Markel Group
2026-01-18,Thomas Hill,9,4,0,3,6,Vulcan Materials
2026-01-18,Thomas J Baltimore Jr,9,5,0,4,5,Park Hotels & Resorts
2026-01-18,Thomas J McInerney,10,5,0,5,5,Genworth Financial
2026-01-18,Thomas J Wilson,8,4,0,4,4,Allstate
2026-01-18,Thomas L Ryan,9,4,0,4,5,Service Corp International
2026-01-18,Thomas Long,8,5,0,1,7,Energy Transfer
2026-01-18,Thomas Palmer,7,3,1,3,3,Newmont
2026-01-18,Thomas Polen,9,3,1,5,3,Becton Dickinson
2026-01-18,Thomas Reeg,7,2,1,2,4,Caesars Entertainment
2026-01-18,Thomas V Taylor,10,4,0,5,5,Floor & Decor
2026-01-18,Tiang Yew Tan,9,2,0,7,2,Western Digital
2026-01-18,Tim Cook,8,3,2,2,4,Apple
2026-01-18,Tim Gerend,8,4,0,2,6,Northwestern Mutual
2026-01-18,Tim Go,9,5,0,3,6,HF Sinclair
2026-01-18,Tim Gokey,10,4,0,6,4,Broadridge Financial Solutions
2026-01-18,Tim Hingtgen,10,2,1,7,2,Community Health Systems
2026-01-18,Tim Larson,9,3,0,1,8,Skyline Champion
2026-01-18,Tim O Shaughnessy,10,4,0,6,4,Graham Holdings Company
2026-01-18,Timothy Archer,8,2,0,6,2,Lam Research
2026-01-18,Timothy C Oliver,10,5,0,5,5,NCR Atleos
2026-01-18,Timothy Cawley,10,3,0,6,4,Consolidated Edison
2026-01-18,Timothy Cofer,9,4,0,3,6,Keurig Dr Pepper
2026-01-18,Timothy J Donahue,9,3,0,5,4,Crown Holdings
2026-01-18,Timothy J McGrath,10,4,0,5,5,PC Connection Inc
2026-01-18,Timothy John Fitzgerald,10,5,0,4,6,Middleby
2026-01-18,Timothy Knavish,10,3,0,7,3,PPG Industries
2026-01-18,Timothy M Sweeney,10,3,0,1,9,Liberty Mutual Insurance
2026-01-18,Timothy NeCastro,10,5,1,4,5,Erie Insurance
2026-01-18,Timothy P Boyle,8,3,0,4,4,Columbia Sportswear
2026-01-18,Timothy S Crane,10,5,0,5,5,Wintrust Financial
2026-01-18,Timothy Spence,7,4,0,3,4,Fifth Third Bancorp
2026-01-18,Toby Rice,7,5,0,2,5,EQT
2026-01-18,Tod Carpenter,9,4,0,5,4,Donaldson Company
2026-01-18,Todd Combs,8,1,2,5,1,GEICO
2026-01-18,Todd Kelsey,10,3,0,4,6,Plexus Corp
2026-01-18,Todd Schneider,10,3,1,5,4,Cintas
2026-01-18,Todd Vasos,10,3,0,7,3,Dollar General Corporation
2026-01-18,Tom Leighton,8,3,0,5,3,Akamai Technologies
2026-01-18,Toni Townes-Whitley,8,3,0,4,4,Science Applications International
2026-01-18,Tony Cheng,9,5,0,4,5,Reinsurance Group of America
2026-01-18,Tony Helton,9,4,0,4,5,Medical Mutual of Ohio
2026-01-18,Tony R Thene,10,3,0,6,4,Carpenter Technology
2026-01-18,Tony Sarsam,8,3,0,5,3,SpartanNash
2026-01-18,Tony Spring,7,3,1,1,5,Macys
2026-01-18,Tony Xu,8,4,0,4,4,DoorDash
2026-01-18,Tricia Griffith,9,4,1,3,5,Progressive Insurance
2026-01-18,Troy Rudd,10,6,1,3,6,AECOM
2026-01-18,Udit Batra,8,3,0,5,3,Waters Corporation
2026-01-18,Varun Krishna,8,3,0,5,3,Rocket Companies
2026-01-18,Vicente Reynal,9,2,0,6,3,Ingersoll Rand
2026-01-18,Vicki Hollub,8,4,0,4,4,Occidental Petroleum
2026-01-18,Vimal Kapur,8,4,0,3,5,Honeywell
2026-01-18,Vincent Pilette,8,2,0,6,2,Gen Digital
2026-01-18,Vincent Roche,9,4,0,5,4,Analog Devices
2026-01-18,Vincent Sorgi,10,3,0,6,4,PPL Corporation
2026-01-18,W Anthony Will,10,5,0,5,5,CF Industries
2026-01-18,W Bradley Southern,10,5,0,5,5,Louisiana-Pacific Corporation
2026-01-18,Walker Martin,10,5,0,5,5,Sempra
2026-01-18,Walter C. D. Carlson,10,3,0,7,3,Telephone & Data Systems
2026-01-18,Warren Buffett,7,1,1,3,3,Berkshire Hathaway
2026-01-18,Wendell Weeks,8,3,0,4,4,Corning
2026-01-18,William Andrew Hendricks Jr,10,4,0,3,7,Patterson-UTI Energy
2026-01-18,William C Stone,10,5,0,4,6,SS&C Technologies
2026-01-18,William Demchak,8,3,1,4,3,PNC Financial Services
2026-01-18,William E Waltz,9,5,0,3,6,Atkore
2026-01-18,William Fehrman,8,5,0,3,5,American Electric Power
2026-01-18,William Gifford,9,5,0,4,5,Altria
2026-01-18,William H Rogers Jr,10,3,0,7,3,Truist Financial
2026-01-18,William Hornbuckle,8,5,1,1,6,MGM Resorts International
2026-01-18,William J Christensen,10,5,0,5,5,JELD-WEN Holding
2026-01-18,William Krueger,10,4,0,4,6,The Andersons Inc
2026-01-18,William L Meaney,10,5,0,4,6,Iron Mountain
2026-01-18,William M Brown,10,5,0,4,6,3M Company
2026-01-18,William McDermott,9,6,1,1,7,ServiceNow
2026-01-18,William Monteleone,9,4,0,5,4,Par Pacific
2026-01-18,William Newlands,8,3,0,5,3,Constellation Brands
2026-01-18,William Oplinger,9,5,0,4,5,Alcoa Corporation
2026-01-18,William Stengel II,9,4,0,5,4,Genuine Parts Company
2026-01-18,William T Dillard II,10,2,0,7,3,Dillards
2026-01-18,Willie Chiang,10,2,0,7,3,Plains GP
2026-01-18,Winnie Park,9,5,0,4,5,Five Below
2026-01-18,Ynon Kreiz,9,5,0,4,5,Mattel
