company,reason
Air Products & Chemicals,Rate limit (429)
Huntington Bancshares,Rate limit (429)
Alcoa Corporation,Rate limit (429)
International Flavors & Fragrances,Rate limit (429)
Expeditors International of Washington,No data
Zoetis,Rate limit (429)
ABM Industries,Rate limit (429)
Opendoor Technologies,Rate limit (429)
Olin Corporation,Rate limit (429)
Moodys Corporation,No data
Coterra Energy,Rate limit (429)
Anywhere Real Estate Inc,No data
Iron Mountain,Rate limit (429)
Equifax,Rate limit (429)
Telephone & Data Systems,No data
Snap-on,Rate limit (429)
Navient,Rate limit (429)
